codigo_estacao,data,hora,temp_inst,temp_max,temp_min,umid_inst,umid_max,umid_min,pto_orvalho_inst,pto_orvalho_max,pto_orvalho_min,pressao,pressao_max,pressao_min,vento_vel,vento_direcao, vento_rajada,radiacao,precipitacao
A506,01/05/2020,00,19.6,22.0,19.6,67,67,59,13.3,13.8,13.3,945.0,945.0,944.4,0.0,244,2.2,-3.54,0.0
A506,01/05/2020,01,19.2,19.6,18.8,69,72,67,13.5,13.7,13.3,945.3,945.3,945.0,0.1,237,1.1,-3.54,0.0
A506,01/05/2020,02,18.0,19.9,17.5,75,77,66,13.4,13.6,13.2,945.1,945.3,945.0,1.1,360,2.9,-3.54,0.0
A506,01/05/2020,03,17.7,18.0,17.5,75,76,74,13.3,13.4,13.0,944.9,945.2,944.9,0.8,259,1.7,-3.54,0.0
A506,01/05/2020,04,16.6,17.8,16.6,78,78,74,12.7,13.3,12.7,944.4,944.9,944.4,0.5,347,1.9,-3.54,0.0
A506,01/05/2020,05,15.7,16.6,15.5,82,82,78,12.6,12.7,12.3,943.9,944.4,943.9,0.0,191,1.1,-3.54,0.0
A506,01/05/2020,06,15.3,15.8,15.2,82,83,81,12.3,12.6,12.1,944.1,944.1,943.9,0.0,240,0.7,-3.54,0.0
A506,01/05/2020,07,16.1,16.1,15.3,79,82,79,12.5,12.6,12.1,944.1,944.2,944.0,0.4,227,1.5,-3.54,0.0
A506,01/05/2020,08,15.8,16.3,15.7,80,80,78,12.2,12.6,12.2,944.1,944.2,944.1,0.0,232,2.0,-3.54,0.0
A506,01/05/2020,09,14.5,15.8,14.5,82,82,79,11.5,12.2,11.5,944.7,944.7,944.1,0.0,301,1.1,-3.54,0.0
A506,01/05/2020,10,15.8,15.8,14.0,79,84,78,12.1,12.3,11.4,945.5,945.5,944.7,0.7,220,1.5,191.2,0.0
A506,01/05/2020,11,20.3,20.3,15.8,66,79,66,13.7,13.9,12.1,946.1,946.1,945.5,0.2,209,2.1,1051.,0.0
A506,01/05/2020,12,23.5,23.7,20.2,56,66,55,14.1,15.1,13.4,946.8,946.8,946.1,1.1,17,2.2,1842.,0.0
A506,01/05/2020,13,25.5,25.7,23.5,52,57,51,15.0,15.2,13.8,946.9,947.0,946.8,0.7,53,2.7,2471.,0.0
A506,01/05/2020,14,26.9,27.2,25.5,47,52,46,14.6,15.5,14.3,946.1,946.9,946.1,1.6,40,4.0,2932.,0.0
A506,01/05/2020,15,28.2,28.5,26.9,40,48,39,13.4,15.7,12.4,945.1,946.1,945.1,1.1,290,4.5,3212.,0.0
A506,01/05/2020,16,29.2,29.2,27.7,38,42,38,13.4,14.4,12.9,944.1,945.1,944.1,1.8,43,6.1,3228.,0.0
A506,01/05/2020,17,28.8,30.0,28.4,36,41,35,12.2,14.2,12.1,943.4,944.1,943.4,1.8,233,4.5,2821.,0.0
A506,01/05/2020,18,29.2,30.1,28.3,36,41,35,12.4,14.0,12.3,942.8,943.4,942.8,1.5,301,5.3,1871.,0.0
A506,01/05/2020,19,28.5,29.5,27.9,41,41,35,13.9,14.0,12.0,942.7,942.8,942.6,1.8,325,4.1,1228.,0.0
A506,01/05/2020,20,26.9,28.5,26.8,46,46,40,14.4,14.5,13.6,943.2,943.2,942.7,1.7,333,3.8,375.9,0.0
A506,01/05/2020,21,24.8,26.9,24.8,54,54,46,14.8,14.8,14.3,943.4,943.4,943.2,0.5,285,3.0,82.27,0.0
A506,01/05/2020,22,24.6,25.1,24.5,55,55,52,14.8,14.8,14.5,944.0,944.0,943.4,0.1,259,1.9,-3.54,0.0
A506,01/05/2020,23,23.2,24.6,23.2,55,58,53,13.7,15.3,13.6,944.6,944.6,944.0,1.7,238,3.8,-3.54,0.0
A506,02/05/2020,00,22.0,23.2,22.0,58,58,55,13.4,13.8,13.4,944.8,944.8,944.6,0.4,215,2.7,-3.54,0.0
A506,02/05/2020,01,21.2,22.0,21.0,60,61,58,13.1,13.5,13.0,944.7,944.9,944.7,0.2,169,1.7,-3.54,0.0
A506,02/05/2020,02,18.8,21.2,18.8,68,69,60,12.8,13.2,12.8,945.0,945.0,944.7,0.2,309,3.2,-3.54,0.0
A506,02/05/2020,03,17.7,18.8,17.5,75,75,68,13.1,13.1,12.8,944.8,945.1,944.8,0.8,240,2.8,-3.54,0.0
A506,02/05/2020,04,17.0,18.5,17.0,76,76,72,12.7,13.4,12.7,944.1,944.8,944.1,0.0,126,1.7,-3.54,0.0
A506,02/05/2020,05,16.9,17.7,16.9,75,76,74,12.5,13.2,12.5,943.6,944.1,943.6,0.0,267,1.7,-3.54,0.0
A506,02/05/2020,06,16.1,16.9,16.1,78,78,75,12.2,12.5,12.2,943.7,943.7,943.6,0.8,33,1.7,-3.54,0.0
A506,02/05/2020,07,16.2,16.9,15.8,78,80,76,12.3,12.7,12.2,943.5,943.7,943.4,0.4,239,1.7,-3.53,0.0
A506,02/05/2020,08,16.1,16.4,16.1,79,79,78,12.5,12.6,12.4,943.7,943.7,943.4,0.0,244,1.5,-3.54,0.0
A506,02/05/2020,09,15.8,16.2,15.7,80,80,78,12.3,12.5,12.1,944.1,944.1,943.6,0.0,215,0.0,-3.54,0.0
A506,02/05/2020,10,17.5,17.5,15.6,76,81,76,13.3,13.3,12.2,944.5,944.5,944.1,0.0,204,1.6,175.3,0.0
A506,02/05/2020,11,20.8,20.9,17.6,66,76,66,14.3,14.6,12.7,945.2,945.2,944.5,0.0,285,1.3,1016.,0.0
A506,02/05/2020,12,23.7,23.8,20.7,61,67,61,15.8,16.1,14.2,945.5,945.5,945.2,1.3,18,2.6,1811.,0.0
A506,02/05/2020,13,26.4,26.5,23.7,57,62,57,17.2,17.8,15.8,945.3,945.5,945.3,2.0,33,4.5,2450.,0.0
A506,02/05/2020,14,26.9,27.7,25.8,53,59,53,16.6,18.0,16.6,944.3,945.3,944.3,1.8,353,5.4,2899.,0.0
A506,02/05/2020,15,28.4,28.7,26.7,47,56,46,15.9,17.7,15.9,943.0,944.3,943.0,1.1,357,5.0,3182.,0.0
A506,02/05/2020,16,29.3,30.0,28.4,40,47,39,14.3,16.4,13.8,941.9,943.0,941.9,1.4,289,5.1,3161.,0.0
A506,02/05/2020,17,30.8,31.2,28.7,30,41,30,11.4,15.2,11.2,940.9,941.9,940.9,2.5,266,5.4,2642.,0.0
A506,02/05/2020,18,30.7,31.3,29.8,33,34,28,12.6,13.3,10.2,940.2,940.9,940.2,1.0,207,5.1,1997.,0.0
A506,02/05/2020,19,30.6,31.2,30.1,32,34,31,12.0,12.9,11.5,940.3,940.3,940.1,2.4,262,5.1,1434.,0.0
A506,02/05/2020,20,29.4,30.8,29.4,35,35,32,12.1,12.4,11.8,940.6,940.6,940.3,2.5,216,4.4,711.9,0.0
A506,02/05/2020,21,27.2,29.4,27.2,41,41,34,12.8,12.8,11.9,940.9,940.9,940.5,1.4,194,4.3,81.65,0.0
A506,02/05/2020,22,24.4,27.2,24.4,53,53,41,14.1,14.2,12.9,941.6,941.6,940.9,0.0,257,2.6,-3.54,0.0
A506,02/05/2020,23,22.6,24.4,22.2,61,62,53,14.8,15.1,14.1,942.5,942.5,941.6,0.2,356,1.1,-3.54,0.0
A506,03/05/2020,00,22.4,22.6,21.5,63,66,61,14.9,15.3,14.5,942.9,942.9,942.5,1.1,237,2.4,-3.54,0.0
A506,03/05/2020,01,20.4,22.6,20.4,69,69,61,14.5,14.9,14.3,942.9,943.0,942.9,0.0,273,2.4,-3.54,0.0
A506,03/05/2020,02,20.0,20.8,19.8,70,70,68,14.3,14.7,14.2,942.8,942.9,942.8,0.1,130,1.3,-3.54,0.0
A506,03/05/2020,03,19.4,20.2,19.0,74,74,70,14.5,14.7,14.1,942.4,942.8,942.4,0.0,204,1.7,-3.54,0.0
A506,03/05/2020,04,19.1,19.5,19.0,74,74,73,14.2,14.5,14.2,941.8,942.4,941.8,0.6,193,2.4,-3.54,0.0
A506,03/05/2020,05,18.0,19.1,17.6,77,79,73,14.0,14.3,13.6,941.4,941.8,941.4,0.7,192,2.0,-3.54,0.0
A506,03/05/2020,06,16.5,18.0,16.5,81,81,77,13.3,14.0,13.3,941.1,941.4,941.1,0.0,318,1.7,-3.54,0.0
A506,03/05/2020,07,16.1,17.1,16.0,83,83,80,13.1,13.8,13.0,941.2,941.2,941.1,0.0,198,1.2,-3.54,0.0
A506,03/05/2020,08,16.0,16.3,15.9,82,83,82,13.0,13.3,12.9,941.5,941.5,941.1,0.0,207,1.3,-3.54,0.0
A506,03/05/2020,09,15.7,16.0,15.6,82,83,82,12.7,13.0,12.6,942.1,942.1,941.5,0.1,270,1.4,-3.54,0.0
A506,03/05/2020,10,17.7,17.7,15.6,76,82,76,13.3,13.3,12.6,942.9,942.9,942.1,0.0,224,0.9,216.3,0.0
A506,03/05/2020,11,20.7,20.9,17.7,68,76,67,14.5,14.7,13.2,943.5,943.5,942.9,0.4,42,1.8,1017.,0.0
A506,03/05/2020,12,24.5,24.5,20.7,56,68,56,15.2,15.5,14.2,944.0,944.0,943.5,0.1,269,1.8,1727.,0.0
A506,03/05/2020,13,27.1,27.1,24.3,41,56,41,12.7,15.0,12.4,943.9,944.1,943.9,1.3,32,2.5,2455.,0.0
A506,03/05/2020,14,29.1,29.1,27.0,37,42,36,12.9,13.8,11.9,943.2,944.0,943.2,1.1,356,3.1,2896.,0.0
A506,03/05/2020,15,29.5,29.5,28.3,34,39,33,12.0,13.3,11.1,942.2,943.2,942.2,1.2,29,4.6,3148.,0.0
A506,03/05/2020,16,30.1,30.3,29.0,31,35,31,11.3,12.5,10.7,941.2,942.2,941.2,2.1,346,5.4,3019.,0.0
A506,03/05/2020,17,30.3,30.7,29.5,31,33,30,11.1,12.1,10.8,940.2,941.2,940.2,2.3,24,6.5,2801.,0.0
A506,03/05/2020,18,29.6,30.6,29.5,31,34,30,10.8,12.0,10.5,939.7,940.2,939.7,2.4,339,6.5,1822.,0.0
A506,03/05/2020,19,29.6,30.5,28.9,35,37,31,12.7,13.2,10.5,939.8,939.8,939.7,2.0,6,4.3,1088.,0.0
A506,03/05/2020,20,28.7,30.1,28.7,38,39,35,13.0,14.0,12.7,940.2,940.2,939.8,2.1,4,5.5,933.6,0.0
A506,03/05/2020,21,26.8,28.7,26.8,43,43,37,13.2,13.7,12.4,940.7,940.7,940.2,1.3,357,3.7,116.5,0.0
A506,03/05/2020,22,25.6,26.9,24.0,41,52,41,11.3,13.9,11.3,941.3,941.3,940.7,2.1,254,3.6,-3.46,0.0
A506,03/05/2020,23,23.5,26.0,23.5,47,47,39,11.6,11.6,10.6,941.9,941.9,941.3,1.6,257,4.4,-3.54,0.0
A506,04/05/2020,00,22.7,23.5,22.3,53,53,47,12.5,12.5,11.8,942.2,942.3,941.9,1.5,215,2.7,-3.54,0.0
A506,04/05/2020,01,20.4,22.7,20.0,62,63,53,12.8,12.8,12.3,942.3,942.3,942.1,0.7,248,2.2,-3.54,0.0
A506,04/05/2020,02,19.7,20.4,18.6,64,67,62,12.8,13.2,12.3,942.2,942.3,942.1,0.2,237,1.5,-3.54,0.0
A506,04/05/2020,03,18.7,19.7,17.8,68,71,65,12.7,12.8,12.3,941.7,942.2,941.7,0.0,233,1.6,-3.54,0.0
A506,04/05/2020,04,16.7,18.7,16.6,76,76,68,12.5,12.8,12.4,941.1,941.8,941.1,0.5,345,1.9,-3.54,0.0
A506,04/05/2020,05,15.4,17.0,15.1,80,81,74,12.1,12.7,11.9,941.2,941.2,941.0,1.8,315,3.4,-3.54,0.0
A506,04/05/2020,06,16.5,16.7,15.1,76,81,76,12.3,12.7,11.9,940.8,941.2,940.8,0.4,228,2.8,-3.54,0.0
A506,04/05/2020,07,15.6,16.7,15.6,78,78,75,11.7,12.3,11.7,941.2,941.2,940.8,0.0,277,1.8,-3.54,0.0
A506,04/05/2020,08,16.2,16.5,15.4,75,78,75,11.9,12.1,11.5,941.5,941.5,941.2,0.5,233,2.0,-3.54,0.0
A506,04/05/2020,09,16.2,16.5,15.8,77,78,75,12.1,12.2,11.8,942.1,942.1,941.5,0.1,225,1.7,-3.53,0.0
A506,04/05/2020,10,17.7,17.7,15.9,73,78,73,12.9,12.9,12.0,943.0,943.0,942.1,0.0,249,1.1,212.1,0.0
A506,04/05/2020,11,20.6,20.6,17.7,67,73,66,14.3,14.4,12.9,943.6,943.6,943.0,0.3,268,1.5,990.9,0.0
A506,04/05/2020,12,23.2,23.6,20.6,63,67,62,15.7,16.2,14.3,943.9,943.9,943.6,1.4,16,3.1,1785.,0.0
A506,04/05/2020,13,25.0,25.2,23.2,59,63,58,16.4,16.8,15.7,944.0,944.1,943.9,1.8,79,5.4,2453.,0.0
A506,04/05/2020,14,26.4,26.6,25.1,53,59,51,16.0,16.7,15.2,943.2,944.0,943.2,2.3,13,5.9,2948.,0.0
A506,04/05/2020,15,27.5,27.5,26.0,49,54,49,16.0,16.2,15.0,942.3,943.2,942.3,3.1,31,7.3,2902.,0.0
A506,04/05/2020,16,28.1,28.3,26.8,46,50,45,15.3,16.0,14.9,941.4,942.3,941.4,2.7,67,7.4,3051.,0.0
A506,04/05/2020,17,27.8,28.3,27.2,43,47,43,14.1,15.6,14.0,940.8,941.4,940.8,3.2,14,6.0,2641.,0.0
A506,04/05/2020,18,28.2,28.7,27.7,41,44,38,13.5,14.6,12.9,940.3,940.8,940.3,2.2,348,6.0,2361.,0.0
A506,04/05/2020,19,27.7,28.4,27.7,40,41,37,12.8,13.6,11.9,940.2,940.3,940.2,2.4,15,5.4,1530.,0.0
A506,04/05/2020,20,26.4,27.8,26.4,44,44,40,13.1,13.7,13.0,940.5,940.5,940.2,2.6,28,5.1,713.6,0.0
A506,04/05/2020,21,24.1,26.4,24.1,52,52,43,13.7,13.7,12.7,940.8,940.8,940.5,1.3,358,4.3,71.49,0.0
A506,04/05/2020,22,22.1,24.1,22.1,61,61,52,14.3,14.4,13.8,941.4,941.4,940.8,0.8,330,2.7,-3.54,0.0
A506,04/05/2020,23,21.7,22.2,21.5,64,64,61,14.5,14.6,14.3,942.0,942.0,941.4,1.4,359,3.5,-3.54,0.0
A506,05/05/2020,00,20.8,21.7,20.8,68,68,64,14.6,14.7,14.4,942.1,942.2,941.9,0.5,32,3.6,-3.54,0.0
A506,05/05/2020,01,19.8,20.8,19.3,73,74,68,14.9,14.9,14.3,942.3,942.4,942.1,1.4,307,1.9,-3.54,0.0
A506,05/05/2020,02,18.3,19.8,18.3,78,78,73,14.3,14.8,14.3,942.3,942.4,942.3,0.1,313,1.9,-3.54,0.0
A506,05/05/2020,03,18.7,18.7,18.0,78,79,78,14.7,14.7,14.2,942.2,942.4,942.1,0.0,200,1.4,-3.54,0.0
A506,05/05/2020,04,18.3,18.7,18.3,78,78,78,14.5,14.7,14.4,942.0,942.2,942.0,0.2,202,1.2,-3.54,0.0
A506,05/05/2020,05,17.5,18.3,17.3,81,82,78,14.2,14.5,14.1,941.6,942.0,941.6,0.0,112,1.2,-3.54,0.0
A506,05/05/2020,06,17.0,17.9,17.0,81,82,80,13.7,14.4,13.7,941.7,941.8,941.6,0.2,197,1.6,-3.54,0.0
A506,05/05/2020,07,17.5,17.5,16.9,81,82,81,14.2,14.2,13.7,941.8,941.8,941.6,1.3,194,2.4,-3.54,0.0
A506,05/05/2020,08,16.8,17.6,16.4,84,84,80,14.1,14.4,13.6,942.1,942.1,941.7,0.1,205,2.7,-3.54,0.0
A506,05/05/2020,09,16.2,17.1,16.1,85,85,83,13.6,14.2,13.3,942.7,942.7,942.1,0.0,212,1.6,-3.54,0.0
A506,05/05/2020,10,18.0,18.0,16.0,80,85,80,14.4,14.5,13.5,943.4,943.4,942.7,0.1,171,1.6,208.0,0.0
A506,05/05/2020,11,20.8,20.8,17.9,72,80,72,15.6,15.8,14.2,944.1,944.1,943.4,0.0,159,1.2,991.4,0.0
A506,05/05/2020,12,22.6,22.6,20.8,66,73,66,16.0,16.6,15.6,944.4,944.5,944.1,2.5,33,4.9,1801.,0.0
A506,05/05/2020,13,25.0,25.0,22.5,57,67,57,15.9,16.6,15.8,944.2,944.5,944.2,1.8,2,7.1,2431.,0.0
A506,05/05/2020,14,26.1,26.1,24.4,54,59,52,16.0,16.3,15.1,943.7,944.3,943.7,1.6,19,6.3,2862.,0.0
A506,05/05/2020,15,27.2,27.8,25.8,46,54,45,14.6,15.9,14.3,942.7,943.7,942.7,1.4,349,5.0,3057.,0.0
A506,05/05/2020,16,28.4,28.7,27.1,42,48,42,14.2,15.3,13.8,941.7,942.7,941.7,1.3,345,4.8,2995.,0.0
A506,05/05/2020,17,29.5,29.6,28.1,33,42,28,11.5,13.8,9.1,940.6,941.7,940.6,1.4,340,5.5,2765.,0.0
A506,05/05/2020,18,29.3,30.3,29.0,30,33,26,10.2,11.5,8.6,940.1,940.6,940.1,2.4,267,4.7,2201.,0.0
A506,05/05/2020,19,29.2,29.9,28.9,30,31,29,10.0,10.5,9.3,940.2,940.2,940.0,1.9,288,4.3,1496.,0.0
A506,05/05/2020,20,27.8,29.3,27.8,34,35,30,10.7,10.9,9.6,940.5,940.5,940.2,0.9,320,3.1,686.7,0.0
A506,05/05/2020,21,24.8,27.9,24.7,47,47,34,12.8,12.8,10.7,940.8,940.8,940.5,0.7,297,2.4,67.03,0.0
A506,05/05/2020,22,22.5,24.8,22.2,56,58,47,13.2,13.5,12.3,941.3,941.3,940.8,0.2,262,2.7,-3.54,0.0
A506,05/05/2020,23,22.3,23.3,22.3,58,58,54,13.7,13.7,13.0,941.9,941.9,941.3,0.7,219,2.2,-3.54,0.0
A506,06/05/2020,00,19.1,22.3,19.0,71,71,57,13.6,14.0,13.4,942.5,942.5,941.9,1.9,263,2.9,-3.54,0.0
A506,06/05/2020,01,18.9,20.0,18.9,69,71,67,13.2,14.1,13.2,942.6,942.6,942.5,0.0,281,2.9,-3.54,0.0
A506,06/05/2020,02,19.1,19.4,18.5,70,71,69,13.4,13.6,13.0,942.6,942.6,942.6,0.7,218,2.1,-3.54,0.0
A506,06/05/2020,03,18.7,19.1,18.7,70,70,69,13.1,13.4,13.1,942.6,942.6,942.4,0.8,208,1.7,-3.54,0.0
A506,06/05/2020,04,17.7,18.7,17.7,74,74,70,12.9,13.2,12.9,941.9,942.6,941.9,0.2,203,1.9,-3.54,0.0
A506,06/05/2020,05,17.4,17.8,17.2,75,76,74,13.0,13.1,12.8,941.5,941.9,941.5,0.4,211,2.5,-3.54,0.0
A506,06/05/2020,06,16.4,17.4,16.3,79,79,75,12.7,12.9,12.4,941.3,941.6,941.3,0.0,219,1.3,-3.54,0.0
A506,06/05/2020,07,16.4,16.7,16.4,79,79,78,12.8,12.9,12.6,941.3,941.3,941.2,0.2,197,1.7,-3.54,0.0
A506,06/05/2020,08,16.4,16.6,16.1,80,80,78,12.9,12.9,12.6,941.7,941.8,941.3,0.9,167,2.4,-3.54,0.0
A506,06/05/2020,09,16.3,16.6,16.1,80,80,79,12.8,12.9,12.7,942.6,942.6,941.7,0.1,197,2.3,-3.53,0.0
A506,06/05/2020,10,17.1,17.1,16.3,78,80,78,13.3,13.3,12.8,943.7,943.7,942.6,0.5,170,2.2,111.0,0.0
A506,06/05/2020,11,20.0,20.0,17.1,70,78,70,14.4,14.6,13.2,944.1,944.1,943.7,0.0,204,1.6,939.4,0.0
A506,06/05/2020,12,22.6,22.7,20.0,67,71,66,16.1,16.2,14.5,944.5,944.5,944.2,1.0,12,2.6,1624.,0.0
A506,06/05/2020,13,24.6,24.8,22.6,60,67,59,16.3,17.0,16.0,944.7,944.8,944.5,0.9,29,3.2,2333.,0.0
A506,06/05/2020,14,25.7,25.9,24.4,55,62,55,15.9,16.9,15.8,944.0,944.7,944.0,1.1,310,3.8,2591.,0.0
A506,06/05/2020,15,27.7,28.0,25.7,47,56,47,15.5,16.9,15.3,942.9,944.0,942.9,1.9,56,4.2,2853.,0.0
A506,06/05/2020,16,29.0,29.4,27.6,37,47,37,12.9,15.9,12.9,941.8,943.0,941.8,0.9,227,4.2,2848.,0.0
A506,06/05/2020,17,28.9,29.8,28.6,38,39,34,13.0,13.9,11.8,940.9,941.8,940.9,0.3,106,3.5,1682.,0.0
A506,06/05/2020,18,29.3,29.5,28.4,38,42,37,13.7,14.5,12.6,940.3,940.9,940.3,0.9,354,2.6,1241.,0.0
A506,06/05/2020,19,28.5,29.4,28.5,40,40,37,13.6,14.2,13.1,940.2,940.3,940.0,1.8,339,4.7,1465.,0.0
A506,06/05/2020,20,27.1,29.0,27.0,46,46,38,14.4,14.5,13.2,940.3,940.3,940.0,1.5,351,3.1,496.7,0.0
A506,06/05/2020,21,25.4,27.1,25.4,54,54,46,15.5,15.5,14.2,940.4,940.4,940.2,0.9,317,2.3,39.53,0.0
A506,06/05/2020,22,24.1,25.4,24.1,59,59,54,15.5,15.7,15.4,941.0,941.0,940.4,0.0,207,1.7,-3.54,0.0
A506,06/05/2020,23,23.2,24.1,22.9,65,66,58,16.3,16.5,15.4,941.4,941.5,941.0,0.0,211,1.7,-3.54,0.0
A506,07/05/2020,00,22.3,23.3,22.3,67,67,65,15.9,16.3,15.8,941.4,941.4,941.3,0.5,222,2.7,-3.54,0.0
A506,07/05/2020,01,20.9,22.3,20.7,73,73,67,15.9,16.1,15.7,941.5,941.6,941.4,0.0,265,1.8,-3.54,0.0
A506,07/05/2020,02,20.3,21.1,20.3,75,75,72,15.7,16.0,15.6,941.5,941.6,941.4,0.0,242,1.5,-3.53,0.0
A506,07/05/2020,03,18.9,20.6,18.6,81,82,74,15.6,15.8,15.2,941.5,941.5,941.3,1.2,305,2.8,-3.54,0.0
A506,07/05/2020,04,18.8,18.9,18.1,81,84,80,15.4,15.8,15.1,941.0,941.5,941.0,0.4,196,2.0,-3.54,0.0
A506,07/05/2020,05,18.6,19.3,18.6,79,81,77,14.9,15.7,14.8,941.1,941.2,940.9,1.2,217,2.9,-3.54,0.0
A506,07/05/2020,06,18.4,18.9,18.4,79,79,77,14.6,15.1,14.5,940.7,941.1,940.7,0.7,216,2.6,-3.54,0.0
A506,07/05/2020,07,16.8,18.6,16.8,84,84,78,14.1,14.7,14.0,940.9,940.9,940.5,0.9,356,2.0,-3.51,0.0
A506,07/05/2020,08,17.0,17.1,16.4,84,85,83,14.3,14.4,13.9,940.9,941.0,940.7,0.0,214,1.5,-3.52,0.0
A506,07/05/2020,09,16.9,17.5,16.9,84,84,82,14.2,14.5,14.1,941.3,941.3,940.9,0.0,33,0.0,-3.49,0.0
A506,07/05/2020,10,18.4,18.4,16.8,80,85,80,15.0,15.0,14.2,941.9,941.9,941.3,0.0,205,0.0,112.1,0.0
A506,07/05/2020,11,20.4,20.4,18.2,74,83,73,15.5,16.1,14.8,942.4,942.4,941.9,0.0,190,1.0,531.9,0.0
A506,07/05/2020,12,24.1,24.1,20.3,63,77,63,16.7,16.8,15.3,943.1,943.2,942.3,0.2,2,1.6,1584.,0.0
A506,07/05/2020,13,26.1,26.1,24.0,53,64,52,15.8,16.8,15.0,943.4,943.4,943.1,0.0,5,2.1,1774.,0.0
A506,07/05/2020,14,26.6,26.9,25.9,54,55,52,16.4,16.6,15.7,942.8,943.5,942.8,0.8,31,2.4,1519.,0.0
A506,07/05/2020,15,28.7,29.3,26.6,47,54,46,16.3,17.6,16.2,942.4,942.8,942.4,0.6,324,2.7,2212.,0.0
A506,07/05/2020,16,28.2,28.8,27.4,48,53,47,16.2,17.1,16.0,941.8,942.4,941.8,0.6,351,2.3,1420.,0.0
A506,07/05/2020,17,28.4,29.6,28.2,46,48,43,15.7,16.6,15.2,941.2,941.8,941.2,1.0,5,3.9,1491.,0.0
A506,07/05/2020,18,27.9,28.5,27.6,47,53,44,15.6,17.0,15.0,941.0,941.3,940.9,2.0,248,5.3,697.4,0.0
A506,07/05/2020,19,25.0,27.9,25.0,62,62,46,17.0,17.7,15.2,941.5,941.5,941.0,4.0,190,8.0,361.3,0.0
A506,07/05/2020,20,24.4,25.0,24.3,63,64,61,17.0,17.2,16.9,942.0,942.0,941.5,1.7,185,6.5,120.4,0.0
A506,07/05/2020,21,23.0,24.4,22.9,72,73,63,17.6,17.8,16.9,942.4,942.4,942.0,0.6,133,5.7,10.07,0.0
A506,07/05/2020,22,22.7,23.2,22.7,74,75,71,17.8,18.1,17.6,943.0,943.0,942.4,1.0,145,2.5,-3.43,0.0
A506,07/05/2020,23,22.0,22.7,21.7,80,81,74,18.3,18.4,17.8,943.8,943.8,943.1,0.0,219,2.5,-3.53,0.0
A506,08/05/2020,00,22.3,22.4,21.9,77,80,76,18.0,18.5,18.0,944.3,944.3,943.8,1.4,167,3.8,-3.53,0.0
A506,08/05/2020,01,21.9,22.3,21.9,75,77,75,17.4,18.0,17.4,944.3,944.4,944.2,0.4,121,3.2,-3.48,0.0
A506,08/05/2020,02,20.7,21.9,20.7,84,84,75,17.9,17.9,17.2,944.3,944.4,944.2,0.0,305,2.8,-3.25,0.0
A506,08/05/2020,03,20.4,20.7,20.3,87,87,84,18.1,18.3,17.9,944.1,944.3,944.1,0.6,43,1.3,-3.48,0.2
A506,08/05/2020,04,20.0,20.4,20.0,89,89,87,18.1,18.2,18.0,943.8,944.1,943.8,0.0,337,2.0,-3.24,0.2
A506,08/05/2020,05,19.9,20.0,19.9,89,90,89,18.0,18.2,18.0,943.1,943.8,943.1,0.0,57,1.3,-3.04,0.0
A506,08/05/2020,06,19.7,20.0,19.7,88,89,86,17.7,18.0,17.6,942.9,943.1,942.8,0.0,325,1.9,-3.26,0.0
A506,08/05/2020,07,19.6,19.8,19.5,90,90,88,17.8,18.0,17.7,943.0,943.0,942.8,0.5,260,1.3,-2.95,0.0
A506,08/05/2020,08,19.4,19.7,19.4,90,90,89,17.6,18.0,17.6,943.1,943.1,942.8,0.2,283,1.6,-3.06,0.0
A506,08/05/2020,09,19.6,20.0,19.4,89,90,88,17.7,18.1,17.6,943.5,943.5,943.1,0.0,273,1.1,-2.87,0.0
A506,08/05/2020,10,20.2,20.2,19.5,87,89,87,17.9,17.9,17.6,944.1,944.1,943.5,0.1,148,1.7,46.99,0.0
A506,08/05/2020,11,20.2,20.4,20.2,89,89,85,18.3,18.4,17.7,945.3,945.3,944.1,0.0,46,1.6,119.3,1.0
A506,08/05/2020,12,20.8,20.8,20.1,87,89,87,18.6,18.6,18.1,946.1,946.1,945.3,0.1,96,1.4,363.8,1.2
A506,08/05/2020,13,20.7,20.9,20.6,87,88,86,18.4,18.8,18.4,946.5,946.5,946.1,2.7,131,4.3,483.8,1.2
A506,08/05/2020,14,19.6,20.7,19.6,86,87,84,17.2,18.5,17.0,946.9,947.0,946.6,3.0,134,6.5,435.1,0.4
A506,08/05/2020,15,19.0,19.7,19.0,86,88,85,16.7,17.5,16.6,946.4,947.0,946.4,3.3,122,6.1,343.5,1.2
A506,08/05/2020,16,19.0,19.0,18.9,85,87,84,16.4,16.7,16.1,946.1,946.7,946.1,2.5,129,6.4,324.3,0.6
A506,08/05/2020,17,19.1,19.1,18.9,84,86,83,16.3,16.6,16.1,945.5,946.1,945.4,2.9,137,5.2,336.5,0.2
A506,08/05/2020,18,19.6,19.6,19.1,81,85,81,16.3,16.6,16.1,945.4,945.7,945.4,2.2,127,5.2,401.4,0.0
A506,08/05/2020,19,20.0,20.1,19.6,78,82,78,16.0,16.5,16.0,945.2,945.4,945.2,1.6,114,5.0,426.1,0.0
A506,08/05/2020,20,20.0,20.3,20.0,79,79,77,16.2,16.4,16.0,945.7,945.7,945.1,2.2,109,3.8,388.8,0.0
A506,08/05/2020,21,19.7,20.0,19.7,81,81,78,16.3,16.4,16.0,946.0,946.0,945.7,0.0,43,3.8,24.08,0.0
A506,08/05/2020,22,19.8,19.9,19.6,81,83,80,16.4,16.7,16.3,946.4,946.4,946.0,1.7,103,3.3,-2.06,0.0
A506,08/05/2020,23,18.9,19.8,18.8,84,85,80,16.1,16.4,15.9,946.7,946.7,946.4,0.7,67,5.8,-1.23,0.0
A506,09/05/2020,00,19.0,19.0,18.9,82,84,82,15.9,16.2,15.9,947.3,947.3,946.7,0.4,61,1.6,-1.76,0.0
A506,09/05/2020,01,18.6,19.1,18.6,85,85,81,16.1,16.1,15.7,947.5,947.5,947.3,0.8,23,2.1,-1.93,0.0
A506,09/05/2020,02,18.1,18.8,18.1,84,85,83,15.4,16.1,15.3,947.4,947.5,947.2,1.0,65,2.0,-2.88,0.0
A506,09/05/2020,03,17.4,18.2,17.4,84,85,84,14.8,15.4,14.8,947.1,947.4,947.1,0.6,54,1.8,-3.47,0.0
A506,09/05/2020,04,17.0,17.5,16.9,86,86,84,14.7,14.9,14.6,946.8,947.1,946.8,1.1,137,2.2,-3.54,0.0
A506,09/05/2020,05,17.4,17.4,17.0,84,86,84,14.7,14.7,14.6,946.3,946.8,946.3,1.5,130,3.0,-3.21,0.0
A506,09/05/2020,06,17.3,17.9,17.3,85,85,82,14.8,14.9,14.7,945.9,946.3,945.9,0.8,35,3.9,-3.48,0.0
A506,09/05/2020,07,17.2,17.5,17.1,87,87,85,15.0,15.0,14.8,945.8,946.0,945.8,0.1,201,1.5,-2.68,0.0
A506,09/05/2020,08,17.9,18.0,17.2,81,87,80,14.6,15.2,14.6,946.0,946.0,945.7,1.2,88,3.5,-2.51,0.0
A506,09/05/2020,09,16.4,17.9,16.4,88,88,81,14.4,14.7,14.3,946.5,946.5,946.0,1.0,4,2.7,-3.52,0.0
A506,09/05/2020,10,17.6,17.6,16.4,85,88,85,15.1,15.1,14.4,947.3,947.3,946.5,0.1,3,1.4,86.43,0.0
A506,09/05/2020,11,18.8,18.9,17.6,78,86,78,14.9,15.5,14.9,947.9,947.9,947.3,1.5,109,2.5,409.5,0.0
A506,09/05/2020,12,20.1,20.1,18.8,74,79,73,15.3,15.9,14.9,948.5,948.5,947.9,2.0,67,3.5,854.5,0.0
A506,09/05/2020,13,22.3,22.3,20.1,62,74,62,14.8,16.0,14.6,948.6,948.6,948.4,3.4,56,6.3,1932.,0.0
A506,09/05/2020,14,23.4,23.4,21.6,59,64,56,14.8,15.7,13.7,948.1,948.6,948.1,2.4,71,6.3,2446.,0.0
A506,09/05/2020,15,23.7,24.3,23.3,53,59,53,13.7,15.0,13.3,947.1,948.1,947.1,2.7,86,6.0,2999.,0.0
A506,09/05/2020,16,24.4,25.0,23.4,53,57,51,14.1,14.8,13.3,946.3,947.1,946.3,2.0,71,6.2,2225.,0.0
A506,09/05/2020,17,25.0,25.1,23.9,50,53,48,14.0,14.5,13.2,945.7,946.4,945.7,1.8,32,5.3,1744.,0.0
A506,09/05/2020,18,24.1,25.6,24.1,54,54,47,14.2,14.5,12.9,945.3,945.7,945.2,4.3,28,6.7,1345.,0.0
A506,09/05/2020,19,23.9,24.4,23.4,54,57,53,14.1,14.6,13.9,945.5,945.6,945.3,4.5,17,7.6,985.1,0.0
A506,09/05/2020,20,22.3,23.9,22.3,58,59,54,13.8,14.3,13.6,946.0,946.0,945.5,3.9,34,8.0,696.0,0.0
A506,09/05/2020,21,20.1,22.3,20.1,65,65,58,13.3,13.7,13.2,946.7,946.7,946.0,3.4,19,7.6,59.66,0.0
A506,09/05/2020,22,18.2,20.1,18.2,73,73,65,13.3,13.5,13.3,947.2,947.2,946.7,1.3,330,5.5,-3.54,0.0
A506,09/05/2020,23,17.7,18.3,17.7,73,74,72,12.9,13.4,12.9,947.8,947.8,947.2,0.4,344,2.5,-3.54,0.0
A506,10/05/2020,00,17.0,17.9,17.0,78,78,73,13.2,13.3,12.9,948.1,948.1,947.7,1.1,283,1.7,-3.54,0.0
A506,10/05/2020,01,16.7,17.0,16.5,81,81,78,13.4,13.4,13.0,948.3,948.3,948.1,0.2,211,1.9,-3.54,0.0
A506,10/05/2020,02,15.9,16.7,15.9,83,83,81,13.0,13.4,13.0,948.3,948.4,948.3,0.1,236,1.3,-3.54,0.0
A506,10/05/2020,03,15.6,15.9,15.2,84,85,83,13.0,13.1,12.6,948.0,948.3,948.0,1.0,217,1.3,-3.54,0.0
A506,10/05/2020,04,14.9,15.6,14.6,86,86,84,12.6,13.0,12.2,947.7,948.0,947.7,0.4,191,1.6,-3.54,0.0
A506,10/05/2020,05,14.6,15.0,14.5,87,87,86,12.4,12.7,12.3,947.2,947.7,947.2,1.1,200,1.8,-3.54,0.0
A506,10/05/2020,06,14.2,14.7,14.2,87,87,86,12.0,12.4,12.0,947.1,947.2,947.0,0.5,199,2.1,-3.54,0.0
A506,10/05/2020,07,14.1,14.2,13.8,87,88,87,12.0,12.2,11.8,947.1,947.1,947.0,0.8,206,1.4,-3.53,0.0
A506,10/05/2020,08,13.3,14.1,13.1,89,89,86,11.5,11.9,11.2,947.3,947.3,947.0,0.2,230,1.4,-3.54,0.0
A506,10/05/2020,09,13.1,13.6,13.1,88,89,88,11.2,11.8,11.2,947.8,947.8,947.3,0.5,221,1.0,-3.53,0.0
A506,10/05/2020,10,14.3,14.3,13.0,85,89,85,11.7,11.8,11.2,948.3,948.3,947.8,1.2,195,1.8,164.9,0.0
A506,10/05/2020,11,17.1,17.1,14.3,77,85,77,13.1,13.2,11.6,948.7,948.7,948.2,0.6,183,2.1,1006.,0.0
A506,10/05/2020,12,19.9,20.1,17.1,66,78,66,13.3,14.2,12.9,948.8,948.8,948.7,1.4,55,3.2,1814.,0.0
A506,10/05/2020,13,21.7,21.7,19.5,57,67,57,12.9,13.8,12.8,948.7,949.0,948.7,2.7,90,4.9,2449.,0.0
A506,10/05/2020,14,23.5,23.7,21.4,51,58,50,12.7,13.4,12.1,947.9,948.7,947.9,2.2,99,5.2,2904.,0.0
A506,10/05/2020,15,24.2,24.7,23.1,47,52,46,12.1,13.1,12.0,947.0,947.9,947.0,2.3,48,5.1,3120.,0.0
A506,10/05/2020,16,25.2,25.9,24.2,43,48,42,11.9,12.9,11.5,945.9,947.0,945.9,1.9,91,4.8,3037.,0.0
A506,10/05/2020,17,25.7,26.5,24.9,41,45,40,11.3,12.4,11.2,945.1,945.9,945.1,1.4,354,4.1,2635.,0.0
A506,10/05/2020,18,26.3,26.9,25.4,40,43,38,11.5,12.7,11.0,944.4,945.1,944.4,1.2,8,3.8,2205.,0.0
A506,10/05/2020,19,26.2,26.8,26.0,40,42,38,11.4,12.3,10.8,944.0,944.4,944.0,1.0,359,3.4,1503.,0.0
A506,10/05/2020,20,25.4,26.3,25.4,42,43,38,11.6,12.0,10.7,944.0,944.1,944.0,1.5,96,3.1,673.7,0.0
A506,10/05/2020,21,23.1,25.4,23.1,52,52,42,12.6,12.6,11.5,944.5,944.5,944.0,2.5,48,5.0,57.64,0.0
A506,10/05/2020,22,21.4,23.2,21.4,58,58,51,12.9,12.9,12.4,945.2,945.2,944.5,3.2,40,5.9,-3.54,0.0
A506,10/05/2020,23,20.2,21.4,20.2,62,62,58,12.8,13.0,12.8,945.8,945.8,945.2,0.4,36,5.9,-3.54,0.0
A506,11/05/2020,00,18.7,20.2,18.7,70,70,62,13.2,13.3,12.8,946.2,946.2,945.8,0.3,281,1.8,-3.54,0.0
A506,11/05/2020,01,19.2,19.7,18.6,68,73,66,13.1,13.5,13.0,946.7,946.7,946.1,2.3,59,6.7,-3.54,0.0
A506,11/05/2020,02,18.5,19.2,18.3,71,71,68,13.1,13.2,13.0,946.8,946.8,946.6,2.2,57,4.7,-3.54,0.0
A506,11/05/2020,03,17.1,18.5,16.8,76,77,71,12.8,13.1,12.6,946.6,946.8,946.6,0.8,92,4.7,-3.54,0.0
A506,11/05/2020,04,16.6,17.2,16.6,77,77,76,12.6,12.9,12.6,946.3,946.6,946.2,0.7,143,1.5,-3.54,0.0
A506,11/05/2020,05,15.2,16.6,15.1,83,83,77,12.3,12.6,12.1,946.0,946.3,946.0,1.2,267,1.8,-3.54,0.0
A506,11/05/2020,06,15.1,15.4,15.1,83,84,82,12.3,12.6,12.2,946.1,946.1,946.0,0.6,234,1.8,-3.54,0.0
A506,11/05/2020,07,14.5,15.1,14.3,84,86,83,11.9,12.3,11.8,946.1,946.1,946.0,0.9,225,1.6,-3.54,0.0
A506,11/05/2020,08,14.2,14.5,14.0,85,86,84,11.7,11.9,11.5,946.2,946.3,946.1,1.0,206,1.5,-3.54,0.0
A506,11/05/2020,09,13.6,14.2,13.6,86,86,85,11.3,11.7,11.3,946.8,946.8,946.2,0.5,220,1.6,-3.54,0.0
A506,11/05/2020,10,15.2,15.2,13.5,82,86,82,12.1,12.2,11.2,947.6,947.6,946.9,0.0,261,1.1,192.0,0.0
A506,11/05/2020,11,17.8,17.9,15.2,74,83,72,13.0,13.3,12.1,947.9,947.9,947.6,0.4,166,1.4,982.5,0.0
A506,11/05/2020,12,20.0,20.0,17.8,65,74,64,13.3,13.8,12.8,948.5,948.5,947.9,2.5,72,4.6,1776.,0.0
A506,11/05/2020,13,21.8,21.9,20.0,57,66,56,12.7,13.7,12.7,948.5,948.6,948.4,1.5,43,4.7,2418.,0.0
A506,11/05/2020,14,23.7,23.9,21.7,51,58,50,13.0,13.7,12.4,947.7,948.5,947.7,2.7,26,7.1,2850.,0.0
A506,11/05/2020,15,24.4,25.1,23.6,47,51,46,12.4,13.3,11.9,946.9,947.7,946.9,2.1,351,7.1,3058.,0.0
A506,11/05/2020,16,25.8,26.0,24.3,42,48,40,11.8,12.8,10.9,946.0,946.9,946.0,1.9,12,5.1,2909.,0.0
A506,11/05/2020,17,26.6,26.8,25.8,39,43,38,11.5,12.3,10.9,945.3,946.0,945.3,1.6,60,4.9,2681.,0.0
A506,11/05/2020,18,27.1,27.5,26.3,34,41,33,9.7,12.3,9.5,944.6,945.3,944.6,2.0,254,3.7,2164.,0.0
A506,11/05/2020,19,26.8,27.6,26.8,33,35,32,9.3,10.5,9.0,944.5,944.6,944.4,1.5,86,3.7,1480.,0.0
A506,11/05/2020,20,26.3,27.2,26.3,37,38,32,10.4,10.9,8.9,944.6,944.6,944.5,1.1,204,3.4,661.7,0.0
A506,11/05/2020,21,23.9,26.3,23.9,45,45,37,11.3,11.4,10.4,944.9,944.9,944.6,1.3,192,3.1,53.80,0.0
A506,11/05/2020,22,21.6,23.9,21.6,56,56,45,12.5,12.7,11.2,945.5,945.5,944.9,1.6,214,2.8,-3.54,0.0
A506,11/05/2020,23,19.6,21.8,19.1,66,69,56,13.1,13.3,12.5,946.0,946.1,945.6,1.5,323,4.1,-3.54,0.0
A506,12/05/2020,00,19.6,19.9,19.0,68,70,65,13.6,13.7,13.0,946.2,946.3,946.0,0.9,191,2.6,-3.54,0.0
A506,12/05/2020,01,17.7,19.5,17.5,75,76,69,13.3,13.6,13.0,946.4,946.4,946.2,1.6,275,2.0,-3.48,0.0
A506,12/05/2020,02,18.0,18.0,17.1,76,77,75,13.7,13.7,13.1,946.0,946.4,946.0,1.1,262,2.4,-3.54,0.0
A506,12/05/2020,03,17.3,18.0,17.2,79,79,76,13.6,13.7,13.3,945.8,946.0,945.7,1.2,190,1.7,-3.54,0.0
A506,12/05/2020,04,17.0,17.4,16.9,79,79,78,13.4,13.6,13.3,945.5,945.8,945.5,1.5,194,2.8,-3.54,0.0
A506,12/05/2020,05,16.1,17.0,15.5,84,84,79,13.3,13.4,12.5,944.9,945.5,944.9,0.7,230,2.2,-3.54,0.0
A506,12/05/2020,06,15.8,16.3,15.8,83,84,82,12.9,13.4,12.9,944.6,944.9,944.6,1.6,197,2.4,-3.54,0.0
A506,12/05/2020,07,15.6,15.8,15.4,84,85,83,12.9,13.1,12.8,944.6,944.7,944.5,1.2,214,2.4,-3.54,0.0
A506,12/05/2020,08,15.3,15.6,15.2,84,85,84,12.7,13.0,12.7,944.6,944.6,944.5,1.3,203,2.0,-3.54,0.0
A506,12/05/2020,09,14.3,15.3,14.3,88,88,84,12.3,12.7,12.1,945.2,945.2,944.6,0.1,217,2.0,-3.54,0.0
A506,12/05/2020,10,16.1,16.1,14.3,83,88,83,13.3,13.3,12.0,945.9,945.9,945.2,0.0,294,0.9,183.6,0.0
A506,12/05/2020,11,18.7,18.7,16.0,76,83,75,14.4,14.4,12.8,946.2,946.3,945.9,0.2,170,1.5,975.1,0.0
A506,12/05/2020,12,20.9,21.0,18.7,68,76,68,14.8,15.2,14.2,946.8,946.8,946.2,0.4,154,2.3,1743.,0.0
A506,12/05/2020,13,24.0,24.2,20.8,60,70,60,15.9,16.5,14.9,946.6,946.8,946.5,2.0,44,4.1,2423.,0.0
A506,12/05/2020,14,24.9,24.9,22.8,56,63,56,15.6,16.3,15.1,945.7,946.6,945.7,2.2,74,4.4,2694.,0.0
A506,12/05/2020,15,25.7,25.9,24.2,53,58,53,15.4,16.1,14.9,944.7,945.7,944.7,1.8,57,4.6,2162.,0.0
A506,12/05/2020,16,26.7,27.3,25.7,48,55,47,14.7,16.3,14.7,943.6,944.7,943.5,2.0,59,6.7,2989.,0.0
A506,12/05/2020,17,27.3,28.3,26.2,47,50,44,15.0,15.8,14.4,942.6,943.6,942.6,2.6,26,5.1,2572.,0.0
A506,12/05/2020,18,26.8,28.3,26.2,50,51,44,15.5,15.6,14.1,942.3,942.6,942.2,1.6,60,6.5,1768.,0.0
A506,12/05/2020,19,26.1,27.8,25.9,50,52,46,15.0,15.6,14.7,942.0,942.3,942.0,2.9,20,5.6,1141.,0.0
A506,12/05/2020,20,25.7,26.7,25.7,52,52,49,14.9,15.4,14.9,942.1,942.1,941.9,2.3,44,5.2,635.3,0.0
A506,12/05/2020,21,23.8,25.7,23.8,59,59,51,15.4,15.5,14.9,942.6,942.6,942.1,2.1,60,6.9,75.55,0.0
A506,12/05/2020,22,21.9,23.8,21.9,66,66,59,15.3,15.4,15.3,943.2,943.2,942.6,0.4,334,4.3,-3.54,0.0
A506,12/05/2020,23,21.0,21.9,21.0,70,70,66,15.4,15.5,15.4,943.6,943.6,943.2,0.9,275,1.7,-3.54,0.0
A506,13/05/2020,00,20.3,21.0,20.2,74,74,70,15.4,15.5,15.3,943.7,943.8,943.6,1.7,285,2.7,-3.54,0.0
A506,13/05/2020,01,19.2,20.3,19.2,77,77,73,15.2,15.5,15.1,943.9,943.9,943.7,0.0,16,1.9,-3.48,0.0
A506,13/05/2020,02,18.9,19.3,18.7,79,79,77,15.1,15.3,14.9,944.1,944.1,943.8,1.0,224,1.5,-3.54,0.0
A506,13/05/2020,03,18.2,19.0,18.2,80,80,79,14.7,15.2,14.7,944.0,944.1,944.0,0.5,242,2.3,-3.54,0.0
A506,13/05/2020,04,17.9,18.3,17.8,81,82,80,14.5,14.9,14.4,943.6,944.0,943.6,1.4,207,2.5,-3.54,0.0
A506,13/05/2020,05,16.8,18.2,16.8,85,85,80,14.2,14.7,14.2,943.2,943.6,943.1,1.0,338,2.4,-3.50,0.0
A506,13/05/2020,06,15.9,16.8,15.9,88,88,85,13.9,14.2,13.9,942.7,943.1,942.7,1.2,353,2.2,-3.54,0.0
A506,13/05/2020,07,16.8,16.8,15.9,86,88,86,14.5,14.6,13.9,942.6,942.7,942.4,0.6,208,1.6,-3.41,0.0
A506,13/05/2020,08,17.5,17.6,16.8,83,86,83,14.6,14.8,14.4,942.8,943.0,942.6,0.4,186,2.0,-3.34,0.0
A506,13/05/2020,09,16.5,17.5,16.4,86,86,83,14.1,14.6,14.0,943.4,943.4,942.8,0.2,280,2.1,-3.52,0.0
A506,13/05/2020,10,17.5,17.5,16.4,84,87,83,14.7,14.7,14.1,944.0,944.0,943.4,0.0,275,1.4,113.1,0.0
A506,13/05/2020,11,20.7,20.7,17.5,73,84,73,15.7,16.0,14.7,944.6,944.6,943.9,0.8,162,1.6,934.4,0.0
A506,13/05/2020,12,22.7,22.8,20.7,68,73,67,16.5,16.7,15.9,945.0,945.0,944.6,2.7,40,5.5,1235.,0.0
A506,13/05/2020,13,23.7,23.8,22.7,65,69,63,16.9,16.9,16.2,944.9,945.1,944.9,2.6,9,5.5,1559.,0.0
A506,13/05/2020,14,24.6,24.9,23.5,60,65,60,16.5,17.4,16.3,944.6,945.0,944.6,2.6,23,4.8,1825.,0.0
A506,13/05/2020,15,26.1,26.9,24.4,55,63,54,16.4,17.4,16.3,943.4,944.6,943.4,2.4,353,5.1,2576.,0.0
A506,13/05/2020,16,27.3,28.0,26.1,54,57,52,17.2,17.8,16.4,942.5,943.4,942.5,1.6,49,5.0,2868.,0.0
A506,13/05/2020,17,27.2,28.0,26.7,52,54,51,16.5,17.4,16.3,941.9,942.5,941.9,2.8,343,5.5,2079.,0.0
A506,13/05/2020,18,27.2,27.7,26.8,54,55,51,16.9,17.4,16.0,941.2,942.0,941.2,2.8,357,5.3,1291.,0.0
A506,13/05/2020,19,26.7,27.8,26.7,55,56,52,16.9,17.5,16.5,941.4,941.4,941.1,1.8,2,5.3,963.1,0.0
A506,13/05/2020,20,25.8,26.7,25.8,60,60,54,17.5,17.5,16.6,941.6,941.6,941.4,1.6,350,4.4,277.0,0.0
A506,13/05/2020,21,23.8,25.8,23.8,67,67,60,17.3,17.6,17.1,942.0,942.0,941.6,1.1,68,6.4,24.60,0.0
A506,13/05/2020,22,22.7,23.8,22.6,70,71,67,17.0,17.4,17.0,942.5,942.5,942.0,0.9,39,3.3,-3.54,0.0
A506,13/05/2020,23,21.4,22.8,21.4,75,75,70,16.8,17.0,16.7,942.9,942.9,942.5,1.1,345,3.4,-3.54,0.0
A506,14/05/2020,00,20.5,21.4,20.5,78,78,75,16.6,16.9,16.6,943.1,943.2,942.9,0.9,299,2.0,-3.54,0.0
A506,14/05/2020,01,19.6,20.5,19.6,81,81,78,16.3,16.7,16.3,942.9,943.2,942.9,1.3,287,2.3,-3.54,0.0
A506,14/05/2020,02,19.8,20.0,19.5,81,82,81,16.4,16.6,16.2,942.9,943.0,942.8,1.0,201,2.1,-3.54,0.0
A506,14/05/2020,03,19.2,20.0,18.9,83,84,81,16.2,16.6,16.0,942.9,942.9,942.8,0.4,203,1.5,-3.54,0.0
A506,14/05/2020,04,18.0,19.2,17.9,85,85,83,15.5,16.2,15.4,942.8,943.0,942.8,0.4,216,1.1,-3.54,0.0
A506,14/05/2020,05,18.2,18.8,18.0,84,86,83,15.4,16.0,15.4,942.4,942.8,942.4,1.8,191,2.7,-3.53,0.0
A506,14/05/2020,06,18.0,18.2,17.7,85,85,84,15.4,15.5,15.2,942.0,942.4,942.0,2.0,191,3.0,-3.54,0.0
A506,14/05/2020,07,17.8,18.0,17.7,85,85,84,15.3,15.3,15.1,942.0,942.1,941.9,1.8,196,3.0,-3.51,0.0
A506,14/05/2020,08,17.1,17.9,17.1,86,86,85,14.8,15.4,14.8,942.3,942.3,942.0,0.3,280,2.6,-3.50,0.0
A506,14/05/2020,09,16.2,17.2,16.2,89,89,86,14.4,15.0,14.3,942.9,942.9,942.3,0.8,338,1.6,-3.54,0.0
A506,14/05/2020,10,17.9,17.9,16.1,86,89,86,15.5,15.5,14.3,943.7,943.7,942.9,0.6,194,2.5,168.6,0.0
A506,14/05/2020,11,20.9,20.9,18.0,77,86,76,16.7,16.7,15.5,944.0,944.1,943.7,0.7,183,1.7,903.1,0.0
A506,14/05/2020,12,21.5,22.1,20.8,75,77,73,16.8,17.4,16.4,944.3,944.3,943.9,0.5,224,2.1,917.7,0.0
A506,14/05/2020,13,23.9,24.0,21.5,67,76,67,17.3,17.8,16.9,944.2,944.4,944.1,1.0,331,2.7,1261.,0.0
A506,14/05/2020,14,26.2,26.3,23.7,58,67,58,17.3,18.4,17.0,943.9,944.2,943.9,0.8,345,2.7,2146.,0.0
A506,14/05/2020,15,27.2,27.8,25.9,55,59,52,17.3,17.9,16.7,943.1,943.9,943.1,1.9,355,4.3,2961.,0.0
A506,14/05/2020,16,27.5,29.2,27.0,52,56,50,16.7,18.4,16.7,942.1,943.1,942.1,1.9,353,4.3,2564.,0.0
A506,14/05/2020,17,27.9,29.1,27.5,51,54,49,16.7,17.6,16.5,941.1,942.1,941.1,0.8,270,3.6,1295.,0.0
A506,14/05/2020,18,28.7,29.0,27.6,47,52,47,16.4,17.4,16.3,940.4,941.1,940.4,0.8,281,3.1,1362.,0.0
A506,14/05/2020,19,29.1,29.5,28.7,46,49,45,16.4,17.3,15.9,940.5,940.5,940.3,1.1,101,3.4,1377.,0.0
A506,14/05/2020,20,27.3,29.2,27.2,53,53,45,16.9,17.0,16.1,940.8,940.8,940.5,1.5,21,3.5,478.8,0.0
A506,14/05/2020,21,25.0,27.3,25.0,63,63,53,17.5,17.6,16.9,941.3,941.3,940.8,0.8,334,3.1,26.80,0.0
A506,14/05/2020,22,24.9,25.1,24.6,64,65,63,17.5,17.7,17.5,941.8,941.9,941.3,0.4,195,2.3,-3.54,0.0
A506,14/05/2020,23,22.8,24.9,22.2,73,75,63,17.7,17.8,17.3,942.6,942.6,941.8,1.5,18,3.8,-3.54,0.0
A506,15/05/2020,00,21.5,23.1,21.4,78,78,72,17.5,17.7,17.3,942.9,942.9,942.6,0.5,287,3.0,-3.54,0.0
A506,15/05/2020,01,21.1,21.5,20.7,79,81,78,17.3,17.8,17.1,942.9,943.0,942.9,0.8,211,1.5,-3.54,0.0
A506,15/05/2020,02,20.5,21.1,20.4,80,81,79,16.8,17.4,16.8,942.8,942.9,942.7,1.1,215,2.0,-3.54,0.0
A506,15/05/2020,03,19.3,20.6,19.3,84,84,80,16.5,17.0,16.3,942.6,942.8,942.5,0.0,165,1.6,-3.54,0.0
A506,15/05/2020,04,19.3,19.6,19.2,83,84,83,16.4,16.7,16.4,942.5,942.6,942.5,1.5,229,2.3,-3.54,0.0
A506,15/05/2020,05,18.3,19.3,18.1,86,86,83,15.9,16.4,15.6,942.3,942.5,942.3,0.2,223,2.1,-3.54,0.0
A506,15/05/2020,06,18.7,18.7,18.2,84,86,84,15.9,16.3,15.7,942.2,942.4,942.1,1.0,196,1.6,-3.54,0.0
A506,15/05/2020,07,18.1,18.7,18.1,85,85,84,15.6,15.9,15.6,942.3,942.4,942.2,0.6,208,2.4,-3.54,0.0
A506,15/05/2020,08,17.1,18.2,17.1,88,88,85,15.0,15.8,15.0,942.4,942.5,942.3,1.0,332,1.6,-3.54,0.0
A506,15/05/2020,09,16.7,17.1,16.4,89,90,88,14.9,15.0,14.5,942.9,942.9,942.4,0.5,217,2.1,-3.35,0.0
A506,15/05/2020,10,18.0,18.0,16.6,86,89,86,15.7,15.7,14.8,943.1,943.2,942.8,0.9,317,1.6,171.9,0.0
A506,15/05/2020,11,21.5,21.5,18.0,77,86,76,17.2,17.2,15.7,943.7,943.7,943.1,0.9,149,2.4,881.8,0.0
A506,15/05/2020,12,24.1,24.2,21.5,67,77,66,17.5,17.8,16.8,944.2,944.2,943.7,0.6,191,1.9,1635.,0.0
A506,15/05/2020,13,26.0,26.1,24.1,60,67,59,17.5,18.2,17.3,944.2,944.3,944.2,1.0,204,3.2,2232.,0.0
A506,15/05/2020,14,27.8,28.0,26.0,51,60,51,16.9,18.4,16.7,943.6,944.2,943.6,1.4,334,3.4,2671.,0.0
A506,15/05/2020,15,29.1,29.3,27.6,46,53,44,16.2,17.6,15.7,942.5,943.6,942.5,2.3,14,4.5,2945.,0.0
A506,15/05/2020,16,29.6,29.9,28.3,42,48,42,15.4,16.7,15.3,941.6,942.5,941.6,1.5,328,4.5,2018.,0.0
A506,15/05/2020,17,30.4,30.6,28.8,37,45,37,14.0,16.3,14.0,940.9,941.6,940.9,1.4,28,3.3,2128.,0.0
A506,15/05/2020,18,30.9,31.2,30.0,38,40,36,15.1,15.3,13.9,940.4,940.9,940.4,1.1,346,3.3,2045.,0.0
A506,15/05/2020,19,30.1,31.0,29.9,40,41,37,14.9,15.6,14.4,940.4,940.4,940.3,1.6,337,3.9,1378.,0.0
A506,15/05/2020,20,28.3,30.3,28.3,47,47,38,15.8,15.8,14.3,940.7,940.7,940.4,2.7,189,5.1,322.0,0.0
A506,15/05/2020,21,27.3,28.3,27.3,51,51,45,16.3,16.3,15.2,941.1,941.1,940.7,1.5,200,5.1,16.96,0.0
A506,15/05/2020,22,22.9,27.3,22.9,75,75,51,18.3,18.7,16.3,942.0,942.1,941.1,2.1,223,5.0,-3.54,0.4
A506,15/05/2020,23,22.4,22.9,22.1,82,83,75,19.2,19.2,18.2,942.6,942.7,942.0,1.9,155,5.0,-3.53,0.8
A506,16/05/2020,00,20.9,22.4,20.6,84,86,82,18.1,19.2,17.9,943.0,943.0,942.6,1.0,290,3.8,-3.31,0.0
A506,16/05/2020,01,20.3,21.4,20.2,86,86,83,17.9,18.6,17.8,943.0,943.2,942.9,0.9,317,2.8,-3.05,0.0
A506,16/05/2020,02,20.3,21.0,20.2,87,87,84,18.0,18.4,17.8,942.7,943.0,942.5,0.8,269,1.9,-3.18,0.0
A506,16/05/2020,03,20.8,21.0,20.2,86,87,85,18.3,18.4,17.8,942.5,942.7,942.4,1.3,232,2.1,-3.12,0.0
A506,16/05/2020,04,20.0,20.8,19.9,88,88,86,17.9,18.3,17.7,942.3,942.5,942.3,0.2,268,2.1,-3.39,0.0
A506,16/05/2020,05,20.8,20.8,20.0,87,88,86,18.4,18.4,17.9,942.2,942.5,942.2,0.9,203,1.6,-2.88,0.0
A506,16/05/2020,06,19.9,20.8,19.7,87,88,86,17.8,18.5,17.6,941.9,942.2,941.9,1.2,264,1.7,-3.25,0.0
A506,16/05/2020,07,20.3,20.5,19.9,87,88,86,18.1,18.4,17.8,941.8,941.9,941.5,0.7,233,1.9,-3.15,0.0
A506,16/05/2020,08,19.7,20.4,19.7,88,89,87,17.6,18.2,17.6,941.8,941.8,941.5,1.3,282,2.0,-3.32,0.0
A506,16/05/2020,09,20.4,20.4,19.7,87,88,87,18.1,18.1,17.6,942.1,942.1,941.8,0.2,60,2.0,-3.15,0.0
A506,16/05/2020,10,20.5,20.5,19.7,87,88,86,18.2,18.3,17.6,942.7,942.7,942.1,0.0,184,1.3,59.03,0.0
A506,16/05/2020,11,21.1,21.1,20.4,87,89,87,18.9,18.9,18.2,943.3,943.3,942.7,0.9,165,1.8,205.5,0.4
A506,16/05/2020,12,22.8,22.8,21.1,81,88,81,19.4,19.4,18.9,943.7,943.7,943.3,0.8,239,2.0,675.5,0.0
A506,16/05/2020,13,24.1,24.3,22.8,73,81,72,18.9,19.9,18.5,943.7,943.8,943.6,0.5,78,1.9,1393.,0.0
A506,16/05/2020,14,26.5,26.6,24.1,65,73,63,19.4,19.6,18.6,943.1,943.7,943.1,1.1,334,2.6,1900.,0.0
A506,16/05/2020,15,27.2,27.3,26.1,61,65,60,19.0,19.4,18.1,942.1,943.1,942.1,0.9,261,3.9,2128.,0.0
A506,16/05/2020,16,23.6,27.2,23.4,77,81,59,19.3,20.1,18.2,941.2,942.1,941.2,1.2,219,3.9,793.8,1.8
A506,16/05/2020,17,22.9,23.8,21.3,86,90,77,20.5,20.8,19.1,940.7,941.2,940.7,2.3,359,6.5,957.8,5.4
A506,16/05/2020,18,25.8,26.1,22.9,71,87,70,20.2,21.3,19.6,940.3,940.7,940.3,1.4,5,4.5,2040.,0.0
A506,16/05/2020,19,21.2,26.1,21.2,87,87,68,19.0,20.7,18.9,940.5,940.8,940.3,4.6,295,8.6,627.1,6.0
A506,16/05/2020,20,21.4,21.6,21.2,89,90,87,19.4,19.7,19.0,941.2,941.3,940.5,1.9,30,8.6,125.0,2.2
A506,16/05/2020,21,21.4,21.4,21.2,89,89,88,19.4,19.5,19.3,941.7,941.7,941.2,0.1,153,2.8,43.25,0.0
A506,16/05/2020,22,21.0,21.4,21.0,89,89,88,19.1,19.4,19.0,942.1,942.1,941.6,0.2,279,1.7,-3.36,0.0
A506,16/05/2020,23,20.5,21.0,20.5,90,90,89,18.8,19.1,18.8,942.3,942.4,942.0,0.8,287,1.6,-3.32,0.0
A506,17/05/2020,00,20.3,20.9,20.0,91,91,89,18.7,19.2,18.3,943.1,943.1,942.3,0.8,301,2.6,-3.19,0.0
A506,17/05/2020,01,20.6,20.7,20.3,90,91,90,18.9,19.0,18.7,943.0,943.3,942.9,0.5,296,2.6,-3.06,0.0
A506,17/05/2020,02,20.9,20.9,20.4,90,90,90,19.2,19.2,18.7,942.9,943.1,942.9,0.0,329,1.7,-2.94,0.2
A506,17/05/2020,03,20.6,21.3,20.6,89,90,86,18.7,19.3,18.7,943.2,943.2,942.9,0.4,288,2.7,-2.30,0.0
A506,17/05/2020,04,20.7,21.0,20.5,88,90,88,18.7,18.9,18.7,942.7,943.2,942.7,0.0,16,1.8,-1.36,0.0
A506,17/05/2020,05,20.8,21.1,20.7,85,88,85,18.3,18.8,18.3,942.1,942.7,942.1,0.7,136,3.1,-1.11,0.0
A506,17/05/2020,06,20.3,20.8,20.3,86,86,85,18.0,18.3,18.0,941.9,942.1,941.8,0.1,174,2.5,-2.54,0.0
A506,17/05/2020,07,20.0,20.3,20.0,85,86,84,17.3,18.0,17.3,942.2,942.2,941.8,1.3,143,4.2,-3.52,0.0
A506,17/05/2020,08,19.3,20.0,19.3,84,85,84,16.5,17.3,16.5,942.2,942.2,941.9,1.3,154,4.2,-3.49,0.0
A506,17/05/2020,09,18.9,19.3,18.8,85,85,83,16.3,16.5,16.2,942.9,942.9,942.1,0.4,206,3.2,-3.52,0.0
A506,17/05/2020,10,18.5,19.0,18.5,86,86,83,16.2,16.3,16.0,944.0,944.0,942.9,0.1,14,2.7,86.63,0.0
A506,17/05/2020,11,20.1,20.1,18.4,81,88,81,16.7,17.1,16.2,944.8,944.8,944.0,0.1,97,2.0,477.0,0.0
A506,17/05/2020,12,21.6,21.6,20.1,77,82,76,17.3,17.5,16.7,945.5,945.5,944.8,0.2,155,2.4,791.9,0.0
A506,17/05/2020,13,22.5,22.7,21.5,73,77,72,17.4,18.1,16.9,945.5,945.6,945.4,1.6,100,3.3,1104.,0.0
A506,17/05/2020,14,24.4,25.0,22.5,66,74,64,17.6,18.5,17.0,945.1,945.5,945.1,1.5,86,4.3,2171.,0.0
A506,17/05/2020,15,24.5,25.5,24.4,64,67,62,17.2,18.3,17.1,944.4,945.2,944.4,1.8,52,5.6,2052.,0.0
A506,17/05/2020,16,24.9,25.5,24.4,63,66,61,17.3,18.1,17.0,943.6,944.4,943.6,2.0,15,4.4,1438.,0.0
A506,17/05/2020,17,25.8,26.7,24.6,57,64,57,16.7,18.3,16.7,942.9,943.6,942.9,2.1,33,5.6,1924.,0.0
A506,17/05/2020,18,25.7,26.8,25.5,58,60,55,16.8,17.8,16.7,942.6,942.9,942.5,2.3,26,8.4,1924.,0.0
A506,17/05/2020,19,25.8,26.3,25.6,60,61,57,17.5,17.5,16.7,942.7,942.7,942.6,2.5,21,4.8,1203.,0.0
A506,17/05/2020,20,24.0,26.2,24.0,66,66,59,17.2,18.1,17.0,942.9,942.9,942.7,2.6,39,5.2,438.3,0.0
A506,17/05/2020,21,22.6,24.0,22.6,71,72,66,17.2,17.4,17.2,943.3,943.4,942.8,1.9,39,5.2,29.32,0.0
A506,17/05/2020,22,21.4,22.6,21.4,77,77,71,17.2,17.2,16.9,943.9,943.9,943.3,0.0,249,4.2,-3.47,0.0
A506,17/05/2020,23,20.8,21.4,20.8,76,78,75,16.4,17.2,16.4,944.6,944.6,943.9,0.1,45,1.7,-3.54,0.0
A506,18/05/2020,00,19.8,20.9,19.8,82,82,76,16.7,16.8,16.3,945.3,945.3,944.6,0.0,1,1.7,-3.54,0.0
A506,18/05/2020,01,19.3,19.9,19.2,83,84,82,16.4,16.7,16.3,945.6,945.6,945.3,0.0,211,0.0,-3.54,0.0
A506,18/05/2020,02,18.3,19.3,18.2,87,87,83,16.1,16.7,15.9,945.5,945.6,945.5,0.0,244,0.8,-3.54,0.0
A506,18/05/2020,03,17.9,18.7,17.9,87,87,86,15.7,16.4,15.6,945.4,945.6,945.4,0.1,248,1.4,-3.54,0.0
A506,18/05/2020,04,17.6,17.9,17.3,88,89,87,15.6,15.7,15.4,945.1,945.4,945.1,0.0,197,1.1,-3.53,0.0
A506,18/05/2020,05,16.8,17.6,16.7,89,89,87,15.0,15.6,14.7,944.7,945.1,944.7,0.0,264,0.0,-3.53,0.0
A506,18/05/2020,06,16.1,16.9,15.9,90,90,89,14.4,15.1,14.2,944.6,944.7,944.5,0.0,313,0.0,-3.53,0.0
A506,18/05/2020,07,16.3,16.3,15.6,90,91,90,14.7,14.7,13.9,944.9,944.9,944.6,0.0,209,2.0,-3.53,0.0
A506,18/05/2020,08,16.1,16.4,16.1,90,90,89,14.4,14.8,14.3,945.1,945.1,944.9,0.1,182,1.2,-3.54,0.0
A506,18/05/2020,09,15.9,16.2,15.9,89,90,89,14.1,14.5,14.1,945.4,945.4,945.1,0.0,205,1.6,-3.54,0.0
A506,18/05/2020,10,17.3,17.3,15.9,87,89,87,15.1,15.1,14.1,946.1,946.1,945.4,0.0,199,1.3,151.8,0.0
A506,18/05/2020,11,20.3,20.3,17.3,78,87,78,16.3,16.7,15.1,946.6,946.6,946.1,0.4,127,1.8,936.6,0.0
A506,18/05/2020,12,23.0,23.0,20.2,68,79,68,16.7,17.4,16.3,947.2,947.2,946.6,1.5,120,3.4,1722.,0.0
A506,18/05/2020,13,23.3,24.1,22.9,66,70,64,16.5,17.4,16.1,947.2,947.3,947.2,2.5,58,5.0,1953.,0.0
A506,18/05/2020,14,25.0,25.3,23.4,58,66,58,16.1,17.1,15.8,946.4,947.2,946.4,2.7,108,5.5,2204.,0.0
A506,18/05/2020,15,26.3,27.1,24.6,52,61,50,15.5,17.1,15.4,945.3,946.4,945.3,2.3,98,4.6,2695.,0.0
A506,18/05/2020,16,28.0,28.2,26.3,45,53,43,15.0,16.2,14.4,944.2,945.3,944.2,2.1,64,6.2,3181.,0.0
A506,18/05/2020,17,26.6,28.0,26.4,49,52,45,14.9,15.6,14.5,943.5,944.2,943.5,2.2,47,4.9,912.6,0.0
A506,18/05/2020,18,26.9,27.4,26.4,48,51,45,15.1,15.5,14.3,943.2,943.5,943.2,1.2,51,4.9,914.7,0.0
A506,18/05/2020,19,27.1,27.7,26.7,47,49,44,14.7,15.2,14.1,943.3,943.3,943.2,3.1,19,6.5,1205.,0.0
A506,18/05/2020,20,26.0,27.2,25.9,50,51,45,14.8,14.9,14.0,943.6,943.6,943.3,2.7,31,5.5,699.4,0.0
A506,18/05/2020,21,23.8,26.0,23.8,60,60,50,15.5,15.6,14.8,944.3,944.3,943.6,2.1,48,5.0,60.91,0.0
A506,18/05/2020,22,21.8,23.8,21.8,69,69,60,15.8,15.9,15.4,945.1,945.1,944.3,0.0,234,4.5,-3.54,0.0
A506,18/05/2020,23,21.2,21.8,21.0,71,72,69,15.7,16.0,15.7,945.7,945.7,945.1,0.2,321,2.3,-3.54,0.0
A506,19/05/2020,00,19.9,21.2,19.9,77,77,71,15.6,15.7,15.6,946.2,946.2,945.7,0.7,288,1.6,-3.54,0.0
A506,19/05/2020,01,19.6,20.0,19.2,79,80,77,15.9,15.9,15.5,946.2,946.2,946.1,0.0,206,2.1,-3.54,0.0
A506,19/05/2020,02,18.8,19.6,18.5,82,82,78,15.6,15.9,15.3,946.3,946.3,946.2,0.3,204,1.5,-3.54,0.0
A506,19/05/2020,03,17.9,18.9,17.9,84,84,81,15.1,15.6,15.1,946.1,946.5,946.0,0.0,203,1.6,-3.54,0.0
A506,19/05/2020,04,17.8,18.2,17.6,83,85,83,15.0,15.5,14.9,945.7,946.1,945.7,0.9,214,1.6,-3.54,0.0
A506,19/05/2020,05,17.0,17.8,16.8,86,86,83,14.6,14.9,14.4,945.7,945.8,945.6,0.0,245,1.8,-3.54,0.0
A506,19/05/2020,06,17.2,17.4,17.0,84,86,84,14.5,15.0,14.5,945.5,945.7,945.5,1.3,192,2.0,-3.54,0.0
A506,19/05/2020,07,16.1,17.2,16.0,87,88,84,13.9,14.5,13.9,945.8,945.8,945.5,0.0,141,2.0,-3.54,0.0
A506,19/05/2020,08,16.1,16.3,16.0,87,88,87,14.0,14.3,13.9,946.2,946.2,945.8,0.0,208,0.9,-3.54,0.0
A506,19/05/2020,09,15.8,16.3,15.3,87,89,87,13.6,14.2,13.3,946.7,946.7,946.2,0.0,221,1.9,-3.53,0.0
A506,19/05/2020,10,17.1,17.1,15.4,85,89,85,14.6,14.6,13.4,947.3,947.3,946.7,0.1,222,1.1,154.8,0.0
A506,19/05/2020,11,20.1,20.1,17.1,77,85,76,15.8,15.8,14.5,947.8,947.8,947.3,0.2,178,1.5,900.5,0.0
A506,19/05/2020,12,22.9,23.2,20.1,63,77,62,15.5,16.6,15.4,948.5,948.5,947.8,3.1,61,6.1,1649.,0.0
A506,19/05/2020,13,24.4,25.1,22.4,59,65,56,16.0,16.5,15.3,948.5,948.7,948.4,2.9,53,6.5,2427.,0.0
A506,19/05/2020,14,26.3,26.4,23.7,51,60,50,15.3,16.1,14.8,948.0,948.6,948.0,3.4,49,6.7,2434.,0.0
A506,19/05/2020,15,25.5,26.9,25.2,53,54,48,15.2,16.0,14.4,947.3,948.1,947.3,3.2,69,7.2,2601.,0.0
A506,19/05/2020,16,26.5,27.1,25.0,49,55,47,14.8,15.7,14.3,946.6,947.3,946.6,4.7,36,7.6,2565.,0.0
A506,19/05/2020,17,25.2,27.1,25.2,51,53,47,14.4,15.8,14.3,945.9,946.6,945.9,4.2,58,7.8,1662.,0.0
A506,19/05/2020,18,24.5,26.2,24.5,54,54,49,14.7,15.1,14.2,945.6,945.9,945.5,3.9,86,8.2,1238.,0.0
A506,19/05/2020,19,24.7,25.5,24.6,52,54,51,14.1,15.0,13.7,945.7,945.7,945.6,2.6,70,7.5,615.0,0.0
A506,19/05/2020,20,24.1,24.7,24.0,56,56,51,14.7,14.8,14.0,946.0,946.0,945.6,1.1,81,5.3,199.6,0.0
A506,19/05/2020,21,23.0,24.1,23.0,60,60,56,14.9,15.0,14.4,946.3,946.3,946.0,2.3,76,5.1,15.25,0.0
A506,19/05/2020,22,22.6,23.1,22.5,61,62,60,14.7,14.9,14.7,946.5,946.5,946.2,1.7,99,4.5,-3.36,0.0
A506,19/05/2020,23,21.8,22.6,21.8,64,64,61,14.6,14.7,14.5,947.0,947.0,946.5,0.8,152,3.7,-3.53,0.0
A506,20/05/2020,00,20.9,21.8,20.9,67,67,63,14.5,14.6,14.4,947.3,947.3,947.0,0.6,139,2.5,-3.54,0.0
A506,20/05/2020,01,20.4,20.8,20.3,69,69,67,14.6,14.6,14.4,947.4,947.5,947.3,1.5,141,3.4,-3.54,0.0
A506,20/05/2020,02,19.8,20.5,19.8,72,72,69,14.6,14.6,14.6,947.1,947.4,947.1,1.3,146,3.4,-3.52,0.0
A506,20/05/2020,03,18.9,19.8,18.9,76,76,72,14.6,14.8,14.5,946.9,947.2,946.9,0.2,113,2.5,-3.54,0.0
A506,20/05/2020,04,19.1,19.1,18.2,78,81,76,15.1,15.2,14.5,946.8,946.9,946.7,0.2,153,1.2,-3.20,0.0
A506,20/05/2020,05,18.4,19.1,18.3,82,82,78,15.2,15.3,14.9,946.7,946.8,946.7,0.2,22,1.2,-2.16,0.0
A506,20/05/2020,06,18.4,18.6,18.1,81,83,81,15.1,15.3,15.1,946.6,946.9,946.6,1.0,37,2.3,-2.87,0.0
A506,20/05/2020,07,18.0,18.6,18.0,82,82,80,14.9,15.3,14.9,946.6,946.7,946.6,0.4,358,2.2,-3.44,0.0
A506,20/05/2020,08,17.5,18.0,17.5,82,82,81,14.3,14.9,14.3,946.6,946.8,946.6,0.0,23,1.2,-3.54,0.0
A506,20/05/2020,09,17.8,17.8,17.4,81,82,80,14.5,14.6,14.3,947.1,947.1,946.6,0.0,110,1.0,-3.04,0.0
A506,20/05/2020,10,18.6,18.6,17.8,81,82,79,15.2,15.2,14.3,947.8,947.8,947.1,0.0,90,0.4,74.25,0.0
A506,20/05/2020,11,20.1,20.1,18.6,69,81,69,14.1,15.4,14.1,948.6,948.6,947.8,3.3,116,5.7,523.8,0.0
A506,20/05/2020,12,21.2,21.2,20.0,65,69,65,14.4,14.5,14.0,949.4,949.4,948.6,3.2,109,6.0,775.3,0.0
A506,20/05/2020,13,22.5,22.6,21.2,57,66,57,13.5,14.6,13.5,949.3,949.4,949.2,2.9,79,6.9,1284.,0.0
A506,20/05/2020,14,22.8,23.2,22.4,57,59,56,13.7,14.3,13.4,949.0,949.4,949.0,3.3,49,7.7,1381.,0.0
A506,20/05/2020,15,24.3,24.3,22.8,53,58,52,14.2,14.5,13.6,948.1,949.0,948.0,3.9,48,8.4,1671.,0.0
A506,20/05/2020,16,23.8,24.5,23.4,53,55,51,13.5,14.2,13.1,947.7,948.1,947.7,2.9,48,7.9,1411.,0.0
A506,20/05/2020,17,24.5,24.5,23.7,52,54,51,14.0,14.1,13.0,946.8,947.7,946.8,2.1,73,6.2,1387.,0.0
A506,20/05/2020,18,24.0,25.1,24.0,51,53,50,13.3,14.3,13.3,946.2,946.9,946.2,3.3,56,6.7,1373.,0.0
A506,20/05/2020,19,23.9,24.3,23.9,54,54,51,14.0,14.2,13.3,946.0,946.2,945.9,2.4,81,7.3,885.8,0.0
A506,20/05/2020,20,23.0,23.9,23.0,57,58,54,14.1,14.3,13.7,946.0,946.1,945.8,2.3,91,6.2,322.9,0.0
A506,20/05/2020,21,22.2,23.0,22.2,61,62,57,14.3,14.5,14.1,946.4,946.5,946.0,1.8,95,4.1,23.42,0.0
A506,20/05/2020,22,21.5,22.2,21.5,64,64,61,14.5,14.5,14.3,946.8,946.8,946.3,2.0,102,5.3,-3.40,0.0
A506,20/05/2020,23,20.7,21.5,20.7,69,69,64,14.8,14.8,14.5,947.5,947.5,946.8,1.5,93,4.0,-3.50,0.0
A506,21/05/2020,00,20.4,20.8,20.3,71,71,69,14.9,14.9,14.7,947.9,947.9,947.5,1.4,101,4.1,-3.29,0.0
A506,21/05/2020,01,19.7,20.4,19.7,74,74,71,14.9,15.0,14.9,948.0,948.1,947.9,0.2,53,3.7,-3.30,0.0
A506,21/05/2020,02,18.1,19.7,18.1,82,82,74,15.0,15.0,14.9,947.9,948.0,947.7,0.5,3,2.1,-3.54,0.0
A506,21/05/2020,03,17.8,18.3,17.8,83,83,82,14.9,15.2,14.9,947.6,947.9,947.4,0.2,294,1.9,-3.53,0.0
A506,21/05/2020,04,17.9,17.9,17.6,82,84,82,14.8,15.1,14.8,947.0,947.6,947.0,0.0,237,1.4,-3.54,0.0
A506,21/05/2020,05,17.5,17.9,17.3,83,83,82,14.5,14.8,14.4,946.6,947.0,946.6,0.0,242,0.0,-3.54,0.0
A506,21/05/2020,06,17.1,17.5,17.0,84,84,82,14.4,14.5,14.2,946.2,946.6,946.2,0.0,17,1.1,-3.54,0.0
A506,21/05/2020,07,17.5,17.5,16.9,82,84,82,14.5,14.6,14.2,946.2,946.4,946.2,0.3,207,1.2,-3.45,0.0
A506,21/05/2020,08,17.6,17.9,17.4,82,83,81,14.5,14.7,14.4,946.3,946.4,946.2,0.0,198,1.5,-3.08,0.0
A506,21/05/2020,09,17.0,17.6,17.0,83,83,81,14.1,14.5,14.0,946.5,946.5,946.2,0.0,210,1.5,-3.54,0.0
A506,21/05/2020,10,17.5,17.5,16.8,84,85,83,14.8,14.8,14.0,947.1,947.1,946.5,0.0,316,0.2,77.91,0.0
A506,21/05/2020,11,20.8,21.0,17.4,72,84,72,15.6,16.0,14.5,947.8,947.9,947.1,0.6,54,2.1,804.6,0.0
A506,21/05/2020,12,22.4,22.4,20.8,63,73,63,15.0,15.8,14.9,948.1,948.2,947.8,2.7,67,5.1,1686.,0.0
A506,21/05/2020,13,24.0,24.1,22.3,55,63,54,14.5,15.1,14.2,948.2,948.3,948.1,2.5,60,6.3,2292.,0.0
A506,21/05/2020,14,25.5,25.5,23.8,49,55,49,14.1,14.7,13.3,947.4,948.2,947.4,3.3,42,8.9,2687.,0.0
A506,21/05/2020,15,25.4,25.9,25.3,48,50,46,13.5,14.4,13.0,946.6,947.4,946.6,3.6,67,8.9,2762.,0.0
A506,21/05/2020,16,26.7,26.7,25.0,47,49,45,14.5,14.8,13.4,945.8,946.6,945.8,2.6,52,9.4,2651.,0.0
A506,21/05/2020,17,26.5,27.3,25.3,45,48,44,13.6,14.6,13.1,945.0,945.8,945.0,2.0,15,7.4,2436.,0.0
A506,21/05/2020,18,26.5,27.5,25.9,44,47,42,13.4,14.3,13.1,944.6,945.1,944.6,2.7,64,7.4,2087.,0.0
A506,21/05/2020,19,26.1,26.6,25.4,45,48,44,13.1,14.0,13.1,944.5,944.7,944.5,3.6,57,7.2,1218.,0.0
A506,21/05/2020,20,24.8,26.2,24.8,48,48,45,13.1,13.8,12.8,944.8,944.8,944.5,2.8,48,7.7,678.3,0.0
A506,21/05/2020,21,22.7,24.8,22.7,57,57,48,13.7,13.7,13.0,945.2,945.2,944.8,2.6,63,7.1,39.12,0.0
A506,21/05/2020,22,21.7,22.7,21.7,62,62,57,14.1,14.1,13.7,945.6,945.6,945.2,2.6,62,5.5,-3.54,0.0
A506,21/05/2020,23,20.2,21.8,20.0,69,69,62,14.4,14.4,14.1,946.3,946.3,945.6,0.2,66,5.0,-3.54,0.0
A506,22/05/2020,00,19.7,20.4,19.7,72,72,69,14.4,14.7,14.2,946.9,946.9,946.3,0.1,310,2.2,-3.54,0.0
A506,22/05/2020,01,18.7,19.7,18.7,76,76,72,14.5,14.6,14.3,947.3,947.3,946.9,0.0,248,1.5,-3.54,0.0
A506,22/05/2020,02,18.5,19.1,18.4,78,78,76,14.6,14.8,14.4,947.3,947.4,947.3,0.3,247,1.5,-3.54,0.0
A506,22/05/2020,03,17.6,18.5,17.4,82,82,78,14.4,14.5,14.2,946.9,947.3,946.9,0.0,232,1.5,-3.54,0.0
A506,22/05/2020,04,17.2,18.1,17.2,82,82,81,14.2,14.6,14.1,946.5,947.0,946.5,0.0,224,1.0,-3.53,0.0
A506,22/05/2020,05,17.3,17.5,16.6,83,84,82,14.4,14.5,13.9,946.0,946.5,946.0,0.0,211,0.8,-3.54,0.0
A506,22/05/2020,06,16.2,17.4,16.2,85,85,82,13.7,14.4,13.6,945.7,946.0,945.7,0.0,235,0.8,-3.54,0.0
A506,22/05/2020,07,16.3,16.5,15.9,85,86,85,13.8,14.1,13.5,945.7,945.8,945.6,0.0,154,0.0,-3.48,0.0
A506,22/05/2020,08,16.4,16.6,16.3,84,85,83,13.6,14.0,13.5,945.5,945.7,945.5,0.8,172,1.8,-3.53,0.0
A506,22/05/2020,09,15.9,16.4,15.9,85,85,83,13.3,13.6,13.2,945.9,945.9,945.5,1.3,180,1.9,-3.54,0.0
A506,22/05/2020,10,16.4,16.4,15.9,84,85,84,13.7,13.7,13.3,946.4,946.4,945.8,1.1,194,2.2,114.1,0.0
A506,22/05/2020,11,18.7,18.7,16.4,78,84,78,14.8,14.8,13.7,947.2,947.2,946.4,0.2,184,2.2,721.6,0.0
A506,22/05/2020,12,21.9,22.1,18.7,67,78,67,15.5,15.9,14.6,947.7,947.8,947.2,0.5,175,2.3,1653.,0.0
A506,22/05/2020,13,24.1,24.1,21.7,63,69,63,16.6,16.8,15.4,947.9,948.0,947.7,1.6,18,3.8,2170.,0.0
A506,22/05/2020,14,24.7,25.2,23.8,58,64,57,15.9,16.7,15.7,947.3,947.9,947.3,1.8,31,4.0,2745.,0.0
A506,22/05/2020,15,26.2,26.4,24.7,53,59,53,15.8,16.9,15.8,946.2,947.3,946.2,1.6,88,4.8,2929.,0.0
A506,22/05/2020,16,26.9,27.5,26.1,51,55,50,16.0,17.0,15.7,945.2,946.2,945.2,2.2,355,5.3,2644.,0.0
A506,22/05/2020,17,28.0,28.3,26.7,48,52,47,16.0,16.7,15.5,944.0,945.2,944.0,1.2,335,4.9,2682.,0.0
A506,22/05/2020,18,28.0,28.8,27.6,48,49,45,16.0,16.3,15.1,943.4,944.0,943.4,1.7,343,4.4,1931.,0.0
A506,22/05/2020,19,27.6,28.4,27.5,49,49,46,15.8,16.5,15.4,943.2,943.4,943.1,2.2,21,4.6,1287.,0.0
A506,22/05/2020,20,26.5,27.6,26.5,52,52,48,15.8,16.0,15.4,943.2,943.2,943.1,1.8,59,4.3,463.1,0.0
A506,22/05/2020,21,24.3,26.5,24.3,61,61,51,16.3,16.4,15.6,943.4,943.5,943.2,2.6,42,5.4,36.49,0.0
A506,22/05/2020,22,22.1,24.3,22.1,70,70,61,16.4,16.4,16.3,943.7,943.7,943.4,2.0,12,5.4,-3.54,0.0
A506,22/05/2020,23,21.1,22.1,21.0,75,75,70,16.4,16.5,16.3,944.4,944.4,943.7,0.3,337,3.5,-3.54,0.0
A506,23/05/2020,00,20.9,21.1,20.7,76,76,75,16.5,16.5,16.3,944.8,944.8,944.4,0.4,324,1.5,-3.54,0.0
A506,23/05/2020,01,19.9,20.9,19.8,79,79,76,16.2,16.5,16.1,945.4,945.4,944.8,0.1,253,1.7,-3.54,0.0
A506,23/05/2020,02,19.8,20.3,19.8,79,79,78,16.1,16.5,16.1,945.5,945.6,945.4,0.6,193,1.8,-3.54,0.0
A506,23/05/2020,03,18.3,19.9,18.3,84,84,79,15.4,16.1,15.4,945.2,945.5,945.2,0.1,284,1.7,-3.54,0.0
A506,23/05/2020,04,18.4,18.7,18.0,84,85,83,15.7,16.0,15.3,944.8,945.2,944.8,0.5,214,1.6,-3.54,0.0
A506,23/05/2020,05,18.2,18.5,18.1,83,84,83,15.3,15.7,15.2,944.5,944.8,944.5,2.0,194,2.9,-3.54,0.0
A506,23/05/2020,06,17.8,18.3,17.4,84,85,83,15.1,15.4,14.8,944.6,944.6,944.4,0.4,219,2.9,-3.54,0.0
A506,23/05/2020,07,17.4,17.8,17.2,85,86,84,14.8,15.1,14.8,944.7,944.7,944.6,0.0,216,1.3,-3.54,0.0
A506,23/05/2020,08,17.2,17.7,17.1,85,86,84,14.8,15.1,14.7,944.9,944.9,944.7,0.2,184,1.7,-3.54,0.0
A506,23/05/2020,09,16.4,17.4,16.0,88,88,84,14.5,14.8,14.0,945.3,945.3,944.9,0.0,253,1.7,-3.54,0.0
A506,23/05/2020,10,17.7,17.7,16.3,85,88,85,15.1,15.1,14.1,945.9,945.9,945.3,0.0,314,1.7,130.2,0.0
A506,23/05/2020,11,20.7,20.7,17.7,76,85,76,16.3,16.3,15.2,946.6,946.6,945.9,0.0,213,1.5,874.5,0.0
A506,23/05/2020,12,24.1,24.1,20.5,67,77,66,17.6,18.2,16.0,947.0,947.0,946.6,0.7,122,3.1,1749.,0.0
A506,23/05/2020,13,25.1,25.4,23.4,62,68,62,17.4,17.8,16.8,946.7,947.0,946.7,2.3,350,4.0,2240.,0.0
A506,23/05/2020,14,26.6,26.8,24.4,58,64,57,17.8,18.5,17.0,945.9,946.8,945.9,1.2,306,5.0,2660.,0.0
A506,23/05/2020,15,28.2,28.4,26.6,51,58,50,17.0,18.1,16.7,944.8,945.9,944.8,2.3,347,5.1,2853.,0.0
A506,23/05/2020,16,29.8,29.8,28.0,47,51,46,17.2,17.6,16.2,943.7,944.8,943.7,1.2,21,5.1,2840.,0.0
A506,23/05/2020,17,29.9,30.2,29.1,43,47,42,16.0,17.2,15.7,942.7,943.7,942.7,1.9,300,4.8,2627.,0.0
A506,23/05/2020,18,30.6,30.6,29.7,41,44,40,15.8,16.6,15.1,941.9,942.7,941.9,1.8,306,4.5,2070.,0.0
A506,23/05/2020,19,29.8,30.6,29.6,41,43,38,15.2,16.0,14.2,941.8,941.9,941.7,1.8,339,4.3,1356.,0.0
A506,23/05/2020,20,28.3,29.9,28.3,48,48,41,16.2,16.3,14.9,942.1,942.1,941.8,1.0,333,3.5,299.1,0.0
A506,23/05/2020,21,26.0,28.3,26.0,56,56,48,16.7,16.7,16.1,942.7,942.7,942.1,1.3,16,2.8,27.77,0.0
A506,23/05/2020,22,24.1,26.1,24.1,65,65,56,17.2,17.3,16.7,943.1,943.1,942.7,0.5,311,4.0,-3.54,0.0
A506,23/05/2020,23,24.1,24.1,23.7,65,67,65,17.2,17.3,17.0,943.3,943.3,943.1,0.5,55,2.2,-3.50,0.0
A506,24/05/2020,00,21.7,24.3,21.7,75,75,64,17.1,17.3,17.1,943.6,943.6,943.3,1.3,340,2.0,-3.53,0.0
A506,24/05/2020,01,22.0,22.4,21.5,74,76,73,17.2,17.5,17.1,943.8,943.9,943.6,0.0,188,2.5,-3.54,0.0
A506,24/05/2020,02,21.4,22.5,21.0,76,77,72,17.0,17.3,16.8,943.9,944.0,943.8,0.2,246,1.0,-3.54,0.0
A506,24/05/2020,03,20.7,21.4,20.7,78,78,76,16.6,17.0,16.6,943.4,943.8,943.4,1.7,190,2.9,-3.54,0.0
A506,24/05/2020,04,20.1,20.7,20.0,79,80,78,16.4,16.7,16.4,943.3,943.4,943.1,0.7,209,2.7,-3.54,0.0
A506,24/05/2020,05,18.8,20.1,18.8,83,83,79,15.8,16.3,15.8,943.3,943.3,943.2,0.0,250,1.8,-3.54,0.0
A506,24/05/2020,06,18.6,18.9,18.5,83,83,82,15.7,15.9,15.6,943.2,943.4,943.2,0.0,44,0.7,-3.54,0.0
A506,24/05/2020,07,17.3,18.6,17.2,87,87,83,15.2,15.7,15.0,943.3,943.3,943.2,0.2,79,1.4,-3.54,0.0
A506,24/05/2020,08,17.0,17.6,17.0,87,87,86,14.9,15.4,14.8,943.0,943.3,943.0,0.0,253,1.4,-3.53,0.0
A506,24/05/2020,09,17.8,17.8,17.0,85,88,85,15.2,15.4,14.9,943.4,943.4,943.0,0.2,207,1.7,-3.54,0.0
A506,24/05/2020,10,18.3,18.3,17.2,83,86,83,15.3,15.3,14.7,944.1,944.1,943.4,0.8,192,2.2,150.7,0.0
A506,24/05/2020,11,21.1,21.1,18.3,75,83,75,16.6,16.6,15.4,944.7,944.7,944.1,0.0,185,2.0,858.4,0.0
A506,24/05/2020,12,23.5,23.5,21.1,70,76,69,17.7,17.8,16.8,945.0,945.0,944.7,0.7,343,3.5,1619.,0.0
A506,24/05/2020,13,25.2,25.6,23.4,64,70,63,18.0,18.4,17.3,944.8,945.1,944.8,1.7,26,3.9,2221.,0.0
A506,24/05/2020,14,26.9,26.9,25.2,61,65,59,18.7,18.7,17.7,944.2,944.8,944.2,1.3,360,4.4,2644.,0.0
A506,24/05/2020,15,28.5,28.6,26.7,52,61,52,17.8,18.7,17.5,943.1,944.2,943.1,0.6,121,3.9,2841.,0.0
A506,24/05/2020,16,29.7,30.4,28.4,46,54,45,16.9,18.7,16.7,941.9,943.1,941.9,1.9,342,4.1,2776.,0.0
A506,24/05/2020,17,29.3,30.9,29.2,46,48,44,16.6,17.7,16.1,940.8,941.9,940.8,1.9,11,5.0,2265.,0.0
A506,24/05/2020,18,30.5,30.9,29.2,41,48,40,15.7,17.1,15.4,940.2,940.8,940.2,1.2,10,3.5,1577.,0.0
A506,24/05/2020,19,30.0,30.8,30.0,43,43,40,16.1,16.2,15.2,940.1,940.2,940.0,2.2,13,4.5,1358.,0.0
A506,24/05/2020,20,28.2,30.1,28.2,49,50,42,16.6,16.7,15.5,940.5,940.5,940.0,1.2,340,3.7,390.2,0.0
A506,24/05/2020,21,26.2,28.2,26.2,58,58,49,17.4,17.4,16.5,940.7,940.7,940.3,0.9,277,2.1,26.69,0.0
A506,24/05/2020,22,26.3,26.5,25.9,58,61,57,17.2,17.7,17.2,941.3,941.4,940.7,1.3,255,4.3,-3.49,0.0
A506,24/05/2020,23,25.2,26.3,24.6,64,65,57,17.9,17.9,17.2,941.7,941.7,941.3,0.8,203,3.5,-3.46,0.0
A506,25/05/2020,00,23.6,25.2,23.6,70,70,63,17.8,17.8,17.6,942.3,942.3,941.6,0.0,180,2.1,-3.54,0.0
A506,25/05/2020,01,22.4,23.7,22.0,76,77,70,17.9,18.0,17.7,942.6,942.7,942.3,1.0,245,2.0,-3.54,0.0
A506,25/05/2020,02,21.0,22.4,20.9,82,83,76,17.9,17.9,17.6,942.6,942.7,942.5,1.6,27,2.2,-3.53,0.0
A506,25/05/2020,03,21.0,21.2,20.4,82,85,81,17.8,18.1,17.6,942.2,942.6,942.2,0.0,218,2.3,-3.53,0.0
A506,25/05/2020,04,20.6,21.2,20.2,82,84,82,17.5,18.0,17.3,941.7,942.2,941.6,1.3,219,2.0,-3.54,0.0
A506,25/05/2020,05,19.8,21.1,19.8,84,84,81,17.1,17.8,17.0,941.1,941.7,941.1,0.0,103,2.1,-3.50,0.0
A506,25/05/2020,06,18.8,19.8,18.8,88,88,84,16.7,17.2,16.6,940.4,941.2,940.4,0.1,307,1.5,-3.54,0.0
A506,25/05/2020,07,18.9,19.3,18.7,88,88,87,16.9,17.1,16.6,940.2,940.5,940.2,0.3,353,1.2,-3.39,0.0
A506,25/05/2020,08,19.2,19.2,18.6,89,89,88,17.3,17.3,16.7,940.4,940.4,940.1,0.1,308,2.1,-3.05,0.0
A506,25/05/2020,09,20.7,20.7,19.2,83,89,83,17.6,18.2,17.3,941.5,941.6,940.4,3.1,183,6.3,-3.41,0.0
A506,25/05/2020,10,19.0,20.7,18.8,90,90,82,17.3,17.5,16.8,942.8,942.8,941.5,2.4,179,6.3,33.17,6.8
A506,25/05/2020,11,20.0,20.0,19.0,87,90,87,17.8,17.9,17.3,943.4,943.4,942.8,0.6,76,5.7,245.0,0.2
A506,25/05/2020,12,19.9,20.0,19.7,88,90,87,17.8,18.1,17.6,943.8,943.8,943.4,0.0,47,2.8,390.8,0.4
A506,25/05/2020,13,19.8,20.3,19.8,89,89,86,18.0,18.2,17.6,943.5,943.9,943.5,0.7,75,2.7,504.0,3.6
A506,25/05/2020,14,20.1,20.4,19.7,88,91,87,18.1,18.6,17.9,943.5,943.7,943.4,0.3,187,2.9,588.9,2.6
A506,25/05/2020,15,21.9,22.0,20.1,84,89,83,19.0,19.3,18.0,942.6,943.5,942.6,0.6,17,1.7,1265.,0.8
A506,25/05/2020,16,23.5,23.7,21.7,81,85,78,20.1,20.2,18.9,941.7,942.7,941.7,0.6,57,2.7,1750.,0.0
A506,25/05/2020,17,25.1,25.7,23.5,73,81,71,19.9,20.8,19.4,940.8,941.7,940.8,1.0,34,3.4,2288.,0.0
A506,25/05/2020,18,24.8,25.6,24.8,72,73,68,19.3,20.1,19.0,940.5,940.9,940.2,2.2,27,3.8,1225.,0.0
A506,25/05/2020,19,22.2,24.8,22.2,79,79,71,18.3,19.8,18.3,940.7,940.8,940.2,1.8,360,6.2,341.4,0.0
A506,25/05/2020,20,22.4,22.5,22.1,82,82,79,19.1,19.3,18.4,941.0,941.0,940.7,0.7,33,5.0,143.9,0.0
A506,25/05/2020,21,21.5,22.4,21.5,86,87,81,19.0,19.4,19.0,941.4,941.5,941.0,1.5,284,4.4,20.32,0.0
A506,25/05/2020,22,20.8,21.5,20.8,88,88,86,18.7,19.1,18.7,941.6,941.8,941.2,0.5,286,3.7,-3.38,0.0
A506,25/05/2020,23,20.3,21.0,20.2,90,90,87,18.5,18.8,18.4,941.9,942.0,941.5,1.2,334,1.9,-3.54,0.0
A506,26/05/2020,00,20.2,20.4,20.1,90,90,89,18.5,18.7,18.4,942.2,942.3,941.9,0.3,233,1.6,-3.54,0.0
A506,26/05/2020,01,19.4,20.3,19.2,91,91,89,17.8,18.6,17.6,942.5,942.5,942.2,0.7,310,2.0,-3.44,0.0
A506,26/05/2020,02,18.7,19.5,18.7,91,91,91,17.3,17.9,17.2,942.4,942.5,942.4,0.7,346,1.6,-3.53,0.0
A506,26/05/2020,03,18.7,19.0,18.6,91,92,91,17.3,17.6,17.1,942.5,942.5,942.2,0.1,223,1.6,-3.47,0.0
A506,26/05/2020,04,19.0,19.0,18.6,91,92,91,17.6,17.6,17.1,942.0,942.5,941.9,1.1,190,1.9,-3.20,0.0
A506,26/05/2020,05,18.5,19.0,18.3,91,91,91,17.1,17.6,16.8,941.3,942.0,941.3,0.0,279,1.9,-3.02,0.0
A506,26/05/2020,06,18.7,19.0,18.5,91,91,91,17.2,17.5,17.1,940.9,941.4,940.9,0.0,336,1.5,-0.96,0.0
A506,26/05/2020,07,19.3,19.3,18.7,92,92,91,17.9,17.9,17.2,941.1,941.4,940.8,0.1,253,3.4,-0.77,4.8
A506,26/05/2020,08,19.5,19.6,19.0,91,92,91,17.9,18.1,17.6,941.1,941.2,941.0,0.4,253,3.3,-1.59,0.8
A506,26/05/2020,09,19.3,19.5,19.3,90,91,90,17.7,18.0,17.7,941.5,941.5,940.9,0.8,248,1.9,-2.60,0.2
A506,26/05/2020,10,18.9,19.3,18.9,91,91,90,17.5,17.7,17.4,942.4,942.4,941.6,0.2,341,1.9,62.15,0.0
A506,26/05/2020,11,20.5,20.9,18.9,87,92,86,18.3,18.9,17.5,942.8,942.8,942.4,0.1,240,1.3,548.0,0.0
A506,26/05/2020,12,22.6,23.1,20.5,77,88,76,18.4,19.3,18.1,943.1,943.2,942.8,0.0,31,1.7,1411.,0.0
A506,26/05/2020,13,23.9,24.8,22.6,71,80,66,18.3,19.6,17.2,942.9,943.1,942.8,0.4,17,2.0,2099.,0.0
A506,26/05/2020,14,25.0,25.8,23.9,62,71,59,17.3,18.6,16.7,942.6,942.9,942.6,2.8,200,6.2,2183.,0.0
A506,26/05/2020,15,25.1,26.0,24.8,61,65,59,17.0,18.3,16.7,942.0,942.6,942.0,3.9,215,6.8,1523.,0.0
A506,26/05/2020,16,26.5,26.7,25.1,56,61,54,16.9,17.4,16.2,941.2,942.0,941.2,3.0,252,7.2,2253.,0.0
A506,26/05/2020,17,27.1,27.2,26.4,54,57,52,16.9,17.2,16.1,940.4,941.2,940.4,3.5,254,7.4,2359.,0.0
A506,26/05/2020,18,27.2,27.3,26.4,52,55,51,16.5,16.9,15.8,940.0,940.4,939.9,3.4,247,6.4,1693.,0.0
A506,26/05/2020,19,26.8,27.2,26.5,52,53,50,16.1,16.4,15.5,940.0,940.0,939.9,3.4,224,7.0,1236.,0.0
A506,26/05/2020,20,25.5,26.8,25.5,55,55,51,15.9,16.4,15.7,940.1,940.1,940.0,3.4,228,6.6,606.7,0.0
A506,26/05/2020,21,23.3,25.5,23.3,64,64,55,16.2,16.3,15.7,940.2,940.2,940.0,1.6,230,6.6,31.35,0.0
A506,26/05/2020,22,22.2,23.4,22.1,70,71,64,16.5,16.7,16.2,940.8,940.8,940.2,1.9,233,3.1,-3.54,0.0
A506,26/05/2020,23,20.6,22.2,20.2,75,77,70,16.1,16.6,16.1,941.3,941.3,940.8,1.8,212,3.1,-3.54,0.0
A506,27/05/2020,00,19.8,20.8,19.8,75,76,74,15.2,16.1,15.2,941.8,941.8,941.3,1.5,244,3.2,-3.54,0.0
A506,27/05/2020,01,19.3,19.8,19.0,71,77,68,13.9,15.2,13.5,942.4,942.4,941.8,0.9,191,4.6,-3.54,0.0
A506,27/05/2020,02,18.1,19.3,17.8,71,76,70,12.7,13.9,12.6,942.5,942.5,942.3,1.0,232,3.4,-3.54,0.0
A506,27/05/2020,03,17.3,18.4,17.3,73,73,69,12.3,12.9,12.0,942.6,942.6,942.5,0.6,273,2.7,-3.54,0.0
A506,27/05/2020,04,15.6,17.3,15.6,79,79,73,12.0,12.7,11.9,942.3,942.6,942.3,0.8,285,1.8,-3.54,0.0
A506,27/05/2020,05,15.6,15.6,14.8,82,85,79,12.5,12.7,11.9,941.8,942.3,941.8,1.4,223,2.1,-3.54,0.0
A506,27/05/2020,06,14.3,15.8,14.3,82,82,79,11.3,12.5,11.3,941.6,941.9,941.5,0.5,280,2.1,-3.54,0.0
A506,27/05/2020,07,13.5,14.3,13.5,84,85,82,10.9,11.5,10.8,941.3,941.6,941.3,1.0,240,1.4,-3.54,0.0
A506,27/05/2020,08,13.5,13.9,13.3,83,84,82,10.7,11.1,10.4,941.6,941.6,941.3,0.0,218,1.6,-3.54,0.0
A506,27/05/2020,09,13.4,13.9,13.4,81,83,80,10.3,11.0,10.3,942.1,942.1,941.5,0.4,179,2.4,-3.54,0.0
A506,27/05/2020,10,15.0,15.1,13.1,75,82,75,10.6,11.1,10.0,942.6,942.6,942.1,0.2,185,1.0,169.6,0.0
A506,27/05/2020,11,17.6,17.6,15.0,66,75,66,11.1,12.0,10.4,943.2,943.2,942.6,0.6,165,1.6,870.0,0.0
A506,27/05/2020,12,20.1,20.7,17.5,60,67,52,12.1,12.4,10.2,943.8,943.8,943.2,1.1,356,2.1,1669.,0.0
A506,27/05/2020,13,23.4,23.4,20.1,44,60,43,10.5,11.9,9.6,943.7,943.8,943.7,0.5,120,2.4,2273.,0.0
A506,27/05/2020,14,25.7,25.7,23.2,39,47,37,10.6,12.0,9.4,943.2,943.7,943.2,0.8,254,2.7,2704.,0.0
A506,27/05/2020,15,26.6,26.7,25.2,38,41,35,11.1,11.4,9.3,942.5,943.2,942.5,3.1,183,5.6,2922.,0.0
A506,27/05/2020,16,27.4,27.4,26.3,36,40,35,11.1,12.1,10.0,941.8,942.5,941.8,3.3,215,6.0,2863.,0.0
A506,27/05/2020,17,27.7,28.0,27.2,36,39,34,11.2,12.0,10.4,941.4,941.8,941.4,3.5,214,7.5,2585.,0.0
A506,27/05/2020,18,27.2,28.2,27.2,35,37,32,10.5,11.7,9.1,941.2,941.4,941.2,3.6,215,8.2,2106.,0.0
A506,27/05/2020,19,26.4,27.5,26.4,35,37,33,9.9,10.9,9.6,941.2,941.3,941.1,3.9,187,6.7,1433.,0.0
A506,27/05/2020,20,24.7,26.5,24.7,36,37,33,8.6,10.4,8.4,941.8,941.8,941.2,3.5,186,6.7,644.2,0.0
A506,27/05/2020,21,22.1,24.7,22.1,46,46,36,9.8,9.9,8.4,942.2,942.2,941.8,2.3,191,6.1,31.33,0.0
A506,27/05/2020,22,20.2,22.0,20.2,52,52,45,10.0,10.2,9.6,942.5,942.5,942.2,1.5,211,3.4,-3.54,0.0
A506,27/05/2020,23,18.3,20.2,18.3,60,60,52,10.6,10.6,10.1,943.0,943.0,942.5,2.0,190,3.3,-3.54,0.0
A506,28/05/2020,00,17.0,18.3,17.0,65,66,60,10.4,10.9,10.4,943.2,943.2,943.0,2.3,202,3.4,-3.54,0.0
A506,28/05/2020,01,15.6,17.0,15.4,73,74,65,10.7,10.9,10.3,943.5,943.5,943.2,1.1,210,3.4,-3.54,0.0
A506,28/05/2020,02,13.4,15.5,13.4,79,79,73,9.8,10.6,9.8,943.8,943.8,943.5,1.0,285,1.8,-3.54,0.0
A506,28/05/2020,03,13.3,13.4,12.4,82,83,79,10.2,10.2,9.4,943.9,943.9,943.8,0.7,233,2.0,-3.54,0.0
A506,28/05/2020,04,13.1,13.5,12.7,81,82,80,9.8,10.3,9.6,943.6,943.9,943.6,1.0,213,2.7,-3.54,0.0
A506,28/05/2020,05,11.9,13.2,11.9,81,81,78,8.8,9.8,8.8,943.1,943.6,943.1,0.5,235,2.6,-3.54,0.0
A506,28/05/2020,06,11.3,12.1,10.8,83,84,81,8.6,9.1,8.1,943.0,943.1,943.0,1.1,240,1.9,-3.54,0.0
A506,28/05/2020,07,10.9,11.7,10.9,82,83,82,8.0,8.7,8.0,942.9,943.1,942.9,0.1,233,2.0,-3.54,0.0
A506,28/05/2020,08,10.7,11.3,10.7,81,83,81,7.7,8.4,7.7,942.9,943.0,942.9,1.4,209,2.5,-3.54,0.0
A506,28/05/2020,09,10.0,10.8,10.0,82,83,81,7.0,7.8,6.9,943.5,943.5,942.9,0.0,255,2.2,-3.54,0.0
A506,28/05/2020,10,11.5,11.5,9.5,81,83,79,8.4,8.4,6.7,944.1,944.1,943.5,0.0,273,0.6,155.2,0.0
A506,28/05/2020,11,14.9,14.9,11.4,72,81,71,10.0,10.3,7.5,944.6,944.6,944.1,0.1,16,1.1,924.4,0.0
A506,28/05/2020,12,19.1,19.1,14.9,57,72,55,10.5,10.6,9.2,944.8,944.8,944.6,0.2,1,1.3,1724.,0.0
A506,28/05/2020,13,21.5,21.6,18.5,46,57,46,9.5,10.6,9.0,944.9,945.0,944.8,0.6,30,2.2,2342.,0.0
A506,28/05/2020,14,23.4,24.2,21.4,44,48,42,10.6,11.5,8.7,944.7,945.0,944.7,2.0,23,3.9,2761.,0.0
A506,28/05/2020,15,24.9,25.4,23.4,40,45,38,10.4,11.3,9.7,944.0,944.7,944.0,1.3,36,4.6,2964.,0.0
A506,28/05/2020,16,26.6,26.8,24.6,33,41,32,8.9,11.2,8.3,943.1,944.0,943.1,1.7,72,4.3,2894.,0.0
A506,28/05/2020,17,27.5,27.5,26.0,31,34,29,8.6,9.6,7.6,942.5,943.1,942.4,0.4,157,3.8,2604.,0.0
A506,28/05/2020,18,27.2,27.9,27.2,31,33,29,8.5,10.1,8.0,942.2,942.5,942.2,1.2,204,3.3,2089.,0.0
A506,28/05/2020,19,27.6,27.8,27.0,31,33,30,9.1,9.8,8.1,942.3,942.3,942.1,0.4,291,3.2,1412.,0.0
A506,28/05/2020,20,26.3,27.6,26.3,34,34,31,9.2,9.9,8.3,942.5,942.5,942.3,0.3,59,2.3,613.3,0.0
A506,28/05/2020,21,20.5,26.3,20.5,59,59,33,12.3,12.6,8.1,943.1,943.1,942.5,2.0,331,2.9,24.10,0.0
A506,28/05/2020,22,19.6,22.5,19.6,62,62,50,12.2,12.7,11.6,944.0,944.0,943.1,0.5,333,2.9,-3.54,0.0
A506,28/05/2020,23,18.6,19.8,18.6,67,67,62,12.3,12.8,11.9,944.8,944.8,944.0,0.8,318,1.6,-3.54,0.0
A506,29/05/2020,00,17.8,18.6,17.6,72,72,67,12.6,12.6,12.2,945.2,945.2,944.8,0.6,251,1.4,-3.54,0.0
A506,29/05/2020,01,16.7,17.8,16.6,75,76,72,12.3,12.7,12.3,945.5,945.5,945.2,0.0,260,1.4,-3.54,0.0
A506,29/05/2020,02,15.4,16.8,15.4,79,80,75,11.8,12.6,11.7,945.8,945.8,945.5,0.0,206,0.8,-3.54,0.0
A506,29/05/2020,03,15.3,15.7,15.1,81,81,78,12.0,12.3,11.7,945.7,945.8,945.7,0.1,159,1.4,-3.54,0.0
A506,29/05/2020,04,14.6,15.4,14.4,83,83,80,11.7,12.1,11.3,945.5,945.7,945.5,0.0,253,1.7,-3.54,0.0
A506,29/05/2020,05,14.0,14.9,13.9,82,83,81,11.0,11.9,10.9,945.0,945.5,945.0,0.0,191,0.0,-3.54,0.0
A506,29/05/2020,06,13.6,14.1,13.6,82,83,82,10.6,11.1,10.6,944.6,945.0,944.6,0.4,201,1.8,-3.54,0.0
A506,29/05/2020,07,13.5,13.7,13.2,84,84,82,10.8,11.0,10.4,944.6,944.6,944.5,0.7,181,2.0,-3.54,0.0
A506,29/05/2020,08,12.7,13.5,12.7,86,86,84,10.5,10.8,10.3,945.0,945.0,944.6,0.0,254,1.4,-3.54,0.0
A506,29/05/2020,09,12.4,12.7,12.0,88,89,86,10.5,10.8,10.0,945.7,945.7,945.0,0.0,220,0.8,-3.54,0.0
A506,29/05/2020,10,13.0,13.1,11.8,86,89,86,10.7,10.9,9.8,946.5,946.5,945.7,0.0,238,1.3,127.8,0.0
A506,29/05/2020,11,15.8,15.8,13.0,78,86,78,12.0,12.1,10.8,947.3,947.4,946.6,0.1,203,1.4,889.1,0.0
A506,29/05/2020,12,18.6,18.7,15.8,67,79,67,12.4,12.9,11.8,947.7,947.7,947.3,0.4,71,2.3,1678.,0.0
A506,29/05/2020,13,20.8,20.9,18.7,56,68,56,11.7,13.0,11.3,947.6,947.7,947.5,2.2,55,7.4,2311.,0.0
A506,29/05/2020,14,21.6,22.2,20.7,50,56,48,10.7,11.7,10.2,946.8,947.6,946.8,1.9,47,8.0,2761.,0.0
A506,29/05/2020,15,23.1,23.3,21.6,43,52,42,10.0,12.0,9.7,946.0,946.8,946.0,2.8,65,6.1,2939.,0.0
A506,29/05/2020,16,23.5,23.9,23.0,42,45,40,9.9,10.9,9.2,945.2,946.0,945.2,2.1,58,8.4,2892.,0.0
A506,29/05/2020,17,24.4,24.7,23.5,40,45,38,9.7,10.9,9.1,944.4,945.2,944.4,3.7,48,7.0,2607.,0.0
A506,29/05/2020,18,24.9,24.9,24.1,40,41,38,10.5,10.6,9.1,944.0,944.4,943.9,2.6,47,7.9,2116.,0.0
A506,29/05/2020,19,24.4,25.1,24.4,40,42,38,10.1,11.2,9.1,944.3,944.4,944.0,1.6,50,5.5,1420.,0.0
A506,29/05/2020,20,22.6,24.4,22.6,46,46,39,10.2,10.6,9.6,944.5,944.6,944.2,3.3,22,5.7,639.8,0.0
A506,29/05/2020,21,19.9,22.6,19.9,55,55,46,10.7,10.8,10.2,944.9,944.9,944.5,2.9,26,5.9,35.25,0.0
A506,29/05/2020,22,18.0,19.9,18.0,63,64,55,10.9,11.0,10.6,945.4,945.5,944.9,1.7,42,5.2,-3.54,0.0
A506,29/05/2020,23,16.6,18.1,16.6,68,68,63,10.8,10.9,10.7,945.6,945.7,945.3,1.3,19,4.0,-3.54,0.0
A506,30/05/2020,00,15.2,16.6,15.1,75,75,68,10.8,11.0,10.7,945.8,945.9,945.5,0.5,323,3.0,-3.54,0.0
A506,30/05/2020,01,15.2,15.5,14.9,75,76,74,10.8,11.0,10.7,946.0,946.0,945.8,0.0,263,1.4,-3.54,0.0
A506,30/05/2020,02,15.1,15.9,15.1,76,76,74,10.8,11.2,10.8,946.2,946.3,945.9,0.2,175,1.6,-3.54,0.0
A506,30/05/2020,03,14.2,15.1,13.3,80,82,76,10.7,10.9,10.1,945.9,946.3,945.9,0.0,246,2.4,-3.54,0.0
A506,30/05/2020,04,12.7,14.5,12.5,83,83,79,9.9,10.9,9.6,945.6,946.0,945.6,0.0,272,0.9,-3.54,0.0
A506,30/05/2020,05,12.9,13.1,12.2,83,85,82,10.1,10.3,9.5,945.2,945.6,945.1,0.2,189,1.3,-3.54,0.0
A506,30/05/2020,06,11.4,13.1,11.1,86,86,82,9.2,10.3,8.7,945.0,945.4,945.0,0.0,214,2.1,-3.54,0.0
A506,30/05/2020,07,12.1,12.9,11.4,86,87,83,9.7,10.2,9.1,945.3,945.3,944.9,0.4,232,1.5,-3.54,0.0
A506,30/05/2020,08,11.7,12.5,11.6,87,87,84,9.6,10.1,9.2,945.8,945.9,945.3,0.2,276,2.4,-3.49,0.0
A506,30/05/2020,09,12.5,12.6,11.7,86,87,86,10.2,10.5,9.6,946.1,946.1,945.8,0.0,38,2.2,-2.62,0.0
A506,30/05/2020,10,14.1,14.1,12.5,84,87,83,11.5,11.5,10.3,946.7,946.7,946.1,0.0,172,1.2,42.89,0.0
A506,30/05/2020,11,15.4,15.7,14.1,82,86,79,12.4,12.4,11.5,947.4,947.4,946.6,0.1,52,1.3,260.8,0.0
A506,30/05/2020,12,17.3,17.3,15.3,72,82,71,12.1,12.8,11.8,948.1,948.1,947.4,1.8,26,3.6,565.2,0.0
A506,30/05/2020,13,20.1,20.3,17.3,57,73,55,11.3,12.8,10.7,948.1,948.3,948.1,3.6,50,7.6,2042.,0.0
A506,30/05/2020,14,20.6,20.8,19.4,52,59,52,10.3,11.9,10.3,947.5,948.1,947.5,2.8,43,7.8,2085.,0.0
A506,30/05/2020,15,22.7,22.9,20.4,46,54,46,10.6,11.5,10.0,946.3,947.5,946.3,2.5,45,6.4,2773.,0.0
A506,30/05/2020,16,23.2,23.5,22.3,42,48,42,9.6,10.9,9.4,945.3,946.3,945.3,2.0,9,5.9,2861.,0.0
A506,30/05/2020,17,24.2,24.3,23.2,42,44,40,10.5,10.8,9.3,944.0,945.3,944.0,1.5,34,7.8,2556.,0.0
A506,30/05/2020,18,24.6,24.9,23.8,40,43,38,10.2,11.0,9.3,943.5,944.0,943.4,2.3,334,5.4,2097.,0.0
A506,30/05/2020,19,24.4,24.7,24.2,39,42,38,9.7,10.6,9.3,943.4,943.7,943.4,1.5,44,4.8,1393.,0.0
A506,30/05/2020,20,23.8,24.7,23.8,41,42,39,9.8,10.9,9.4,943.7,943.7,943.4,0.4,19,3.6,632.9,0.0
A506,30/05/2020,21,21.6,23.8,21.5,51,51,41,10.9,11.2,9.9,944.2,944.2,943.6,0.0,205,1.7,28.66,0.0
A506,30/05/2020,22,19.4,21.6,18.6,60,64,51,11.5,11.7,11.1,944.3,944.4,944.2,0.1,32,2.4,-3.54,0.0
A506,30/05/2020,23,18.7,19.4,18.3,65,66,60,11.9,12.0,11.4,944.9,944.9,944.3,0.3,181,3.1,-3.54,0.0
A506,31/05/2020,00,16.2,18.7,16.2,74,74,65,11.6,11.9,11.4,945.1,945.1,944.9,0.2,224,1.8,-3.54,0.0
A506,31/05/2020,01,16.7,16.7,15.8,73,76,73,11.8,12.0,11.5,945.7,945.7,945.1,1.1,195,2.2,-3.30,0.0
A506,31/05/2020,02,16.0,17.1,16.0,75,75,72,11.6,12.1,11.6,945.4,945.7,945.4,0.3,233,2.2,-3.22,0.0
A506,31/05/2020,03,15.8,16.8,15.0,77,78,73,11.8,12.0,11.1,945.1,945.4,945.1,1.2,232,2.2,-3.53,0.0
A506,31/05/2020,04,14.6,16.1,14.3,79,80,74,11.0,11.9,10.8,944.7,945.1,944.7,1.4,250,2.1,-3.54,0.0
A506,31/05/2020,05,14.4,15.0,13.9,79,81,78,10.8,11.2,10.4,944.5,944.7,944.4,0.6,233,2.1,-3.54,0.0
A506,31/05/2020,06,13.8,14.5,13.4,81,82,79,10.6,11.0,10.3,944.2,944.4,944.2,0.0,214,1.4,-3.54,0.0
A506,31/05/2020,07,13.5,14.0,13.4,82,82,81,10.5,10.8,10.3,944.2,944.2,944.1,0.0,216,1.7,-3.54,0.0
A506,31/05/2020,08,12.1,13.5,12.1,85,85,81,9.6,10.5,9.6,944.1,944.3,944.1,0.2,286,1.0,-3.54,0.0
A506,31/05/2020,09,12.3,12.5,11.8,84,85,84,9.7,9.9,9.3,944.6,944.6,944.1,0.0,221,1.1,-3.54,0.0
A506,31/05/2020,10,12.7,13.0,11.4,83,86,82,9.9,10.2,9.0,945.2,945.3,944.6,0.3,285,1.4,144.6,0.0
A506,31/05/2020,11,16.3,16.4,12.7,72,83,72,11.2,11.5,9.9,945.8,945.8,945.2,0.0,226,1.4,899.8,0.0
A506,31/05/2020,12,20.5,20.5,16.3,59,73,59,12.1,12.4,11.3,946.2,946.2,945.8,0.2,240,1.6,1671.,0.0
A506,31/05/2020,13,22.6,22.8,20.3,51,59,51,12.0,12.9,11.2,946.3,946.3,946.2,1.9,23,4.6,2282.,0.0
A506,31/05/2020,14,23.3,23.8,22.1,47,54,43,11.3,12.5,10.0,945.8,946.3,945.8,3.4,352,7.0,2782.,0.0
A506,31/05/2020,15,24.8,24.9,23.2,42,49,42,11.1,12.3,10.6,944.9,945.8,944.9,2.1,342,7.0,2890.,0.0
A506,31/05/2020,16,25.2,25.7,24.5,40,45,40,10.7,12.2,10.7,944.0,945.0,944.0,0.5,218,5.6,2856.,0.0
A506,31/05/2020,17,25.5,26.0,24.8,41,44,40,11.3,12.1,10.7,943.2,944.0,943.2,1.6,346,4.9,2562.,0.0
A506,31/05/2020,18,26.0,26.4,25.5,38,41,38,10.5,11.6,10.3,942.6,943.2,942.6,0.6,18,4.9,2073.,0.0
A506,31/05/2020,19,25.9,26.5,25.6,38,39,36,10.3,11.3,10.0,942.6,942.7,942.5,0.8,339,3.9,1398.,0.0
A506,31/05/2020,20,25.2,25.9,25.2,40,40,37,10.7,10.7,9.8,942.7,942.7,942.6,0.1,302,2.8,623.2,0.0
A506,31/05/2020,21,21.9,25.2,21.9,52,52,40,11.7,11.7,10.5,943.0,943.0,942.7,0.7,286,1.3,27.18,0.0
A506,31/05/2020,22,18.7,21.9,18.4,67,68,52,12.4,12.7,11.8,943.3,943.3,943.0,0.8,275,1.8,-3.54,0.0
A506,31/05/2020,23,18.7,19.6,18.2,67,68,63,12.4,12.7,12.1,943.7,943.7,943.3,0.8,192,2.2,-3.54,0.0
A506,01/06/2020,00,17.0,19.4,16.6,73,75,64,12.2,12.5,11.7,944.1,944.1,943.7,0.0,101,3.6,-3.54,0.0
A506,01/06/2020,01,15.3,17.3,15.3,78,78,72,11.4,12.4,11.4,944.3,944.4,944.0,0.6,277,1.9,-3.54,0.0
A506,01/06/2020,02,15.3,15.5,14.5,79,81,78,11.7,12.1,11.2,944.2,944.4,944.2,1.0,224,1.9,-3.54,0.0
A506,01/06/2020,03,14.9,15.6,14.9,79,79,77,11.3,11.8,11.2,944.2,944.2,944.1,0.4,239,2.0,-3.54,0.0
A506,01/06/2020,04,14.3,15.1,14.3,80,80,78,11.0,11.4,10.9,943.9,944.2,943.9,0.0,239,1.9,-3.54,0.0
A506,01/06/2020,05,14.3,14.9,14.0,81,81,79,11.0,11.4,10.8,943.8,943.9,943.8,0.0,243,1.3,-3.54,0.0
A506,01/06/2020,06,14.3,14.3,13.9,81,81,80,11.0,11.0,10.6,943.3,943.8,943.3,0.3,168,1.5,-3.54,0.0
A506,01/06/2020,07,13.8,14.4,13.8,83,83,80,10.9,11.0,10.8,943.0,943.3,943.0,1.2,205,2.4,-3.54,0.0
A506,01/06/2020,08,12.9,13.8,12.9,85,85,82,10.4,10.9,10.3,943.2,943.2,943.0,0.0,262,1.9,-3.54,0.0
A506,01/06/2020,09,11.9,12.9,11.9,87,87,85,9.7,10.4,9.7,943.8,943.8,943.2,0.0,82,0.0,-3.54,0.0
A506,01/06/2020,10,13.1,13.1,11.7,85,87,85,10.6,10.6,9.6,944.3,944.3,943.8,0.0,249,0.0,112.3,0.0
A506,01/06/2020,11,17.0,17.2,13.1,72,85,72,11.8,12.4,10.6,945.1,945.1,944.3,0.0,193,0.0,854.2,0.0
A506,01/06/2020,12,19.9,19.9,16.9,65,73,65,13.1,13.6,11.9,945.7,945.7,945.1,0.7,126,1.9,1596.,0.0
A506,01/06/2020,13,22.7,22.7,19.9,57,66,56,13.8,14.1,12.6,945.4,945.7,945.4,1.2,47,2.4,2258.,0.0
A506,01/06/2020,14,23.9,24.2,22.5,53,58,51,13.6,14.5,13.2,944.7,945.4,944.7,1.7,339,3.7,2661.,0.0
A506,01/06/2020,15,25.5,26.0,23.9,45,53,42,12.9,14.3,11.4,943.9,944.7,943.9,1.6,2,4.4,2905.,0.0
A506,01/06/2020,16,26.0,26.1,25.2,44,48,43,12.9,13.5,12.3,943.0,943.9,943.0,1.9,340,5.1,2850.,0.0
A506,01/06/2020,17,26.5,27.1,25.9,42,45,41,12.4,13.8,12.2,942.0,943.0,942.0,2.1,353,5.0,2565.,0.0
A506,01/06/2020,18,27.4,27.4,26.4,41,43,40,13.0,13.2,12.0,941.4,942.0,941.4,1.7,333,4.4,2043.,0.0
A506,01/06/2020,19,26.8,27.4,26.7,41,43,40,12.4,13.2,12.1,941.3,941.4,941.3,0.4,359,4.4,1373.,0.0
A506,01/06/2020,20,25.4,27.1,25.4,45,45,40,12.4,13.0,12.0,941.6,941.6,941.3,2.1,13,3.2,608.8,0.0
A506,01/06/2020,21,22.6,25.4,22.6,57,57,45,13.7,13.7,12.4,942.2,942.2,941.6,1.8,348,3.9,30.29,0.0
A506,01/06/2020,22,21.2,22.6,20.9,61,63,57,13.4,13.7,13.3,942.7,942.7,942.2,1.1,286,2.2,-3.54,0.0
A506,01/06/2020,23,20.8,21.2,20.5,65,66,61,13.9,14.0,13.4,943.2,943.2,942.7,1.6,183,2.6,-3.54,0.0
